test,device,variant,delay_ms,direction,force_n,seed,walks,duration_s,min_toe_clearance_mm,peak_pushoff_power_w,speed_mps,cost,fell,n_strides,ankle_at_ic_deg,peak_swing_df_deg,foot_slap_index_dps,peak_hip_flexion_swing_deg,peak_knee_flexion_swing_deg,peak_ankle_power_w,stride_time_s,stance_pct,stride_length_m,min_toe_clearance_mm_sd,ankle_at_ic_deg_sd,peak_swing_df_deg_sd,foot_slap_index_dps_sd,peak_hip_flexion_swing_deg_sd,peak_knee_flexion_swing_deg_sd,peak_ankle_power_w_sd,stride_time_s_sd,stance_pct_sd,stride_length_m_sd,step_length_r_m,step_length_l_m,step_length_si_pct,stance_time_r_s,stance_time_l_s,stance_time_si_pct,cost_of_transport,scone_step_velocity_mps,device_positive_work_j,device_negative_work_j,device_peak_power_w,device_peak_torque_nm,after_push_s
imu,active,nominal,,,,1,True,10,43.6076,134.85,1.18077,0.571713,0,4,3.73527,3.82393,854.811,47.6256,69.8477,134.85,1.44442,57.4235,1.69827,0.708132,0.0209722,0.015933,18.3537,0.466407,0.258565,6.32137,0.0029001,0.209894,0.0146563,0.815854,0.818909,-0.37377,0.829439,0.876151,-5.4776,5.71713,1.16508,4.57168,-3.29787,109.616,13.5637,
imu,active,nominal,,,,2,True,10,55.2498,130.616,1.16735,0.56527,0,4,3.95752,3.98519,768.385,50.1916,77.9145,130.616,1.36852,61.1096,1.58724,2.28145,0.0326915,0.0360704,40.9761,0.204221,0.540328,3.09146,0.00267405,0.205986,0.0394423,0.771942,0.788467,-2.11801,0.836297,0.821718,1.75857,5.6527,1.14403,3.22238,-4.35457,89.0309,13.4632,
imu,active,nominal,,,,3,True,10,53.6514,132.752,1.2123,0.552502,0,4,3.48955,3.51106,876.972,52.1732,78.1979,132.752,1.34643,60.5794,1.63442,1.38933,0.02379,0.0255199,37.3597,0.204176,0.434281,1.74115,0.0142172,0.343294,0.00968233,0.809693,0.783049,3.34565,0.81563,0.816436,-0.0987842,5.52502,1.16923,3.495,-4.81637,101.748,13.5992,
imu,active,noise x2,,,,1,True,10,43.6076,134.85,1.18077,0.571713,0,4,3.73527,3.82393,854.811,47.6256,69.8477,134.85,1.44442,57.4235,1.69827,0.708132,0.0209722,0.015933,18.3537,0.466407,0.258565,6.32137,0.0029001,0.209894,0.0146563,0.815854,0.818909,-0.37377,0.829439,0.876151,-5.4776,5.71713,1.16508,4.57168,-3.29787,109.616,13.5637,
imu,active,noise x2,,,,2,True,10,55.2498,130.616,1.16735,0.56527,0,4,3.95752,3.98519,768.385,50.1916,77.9145,130.616,1.36852,61.1096,1.58724,2.28145,0.0326915,0.0360704,40.9761,0.204221,0.540328,3.09146,0.00267405,0.205986,0.0394423,0.771942,0.788467,-2.11801,0.836297,0.821718,1.75857,5.6527,1.14403,3.22238,-4.35457,89.0309,13.4632,
imu,active,noise x2,,,,3,True,10,53.6514,132.752,1.2123,0.552502,0,4,3.48955,3.51106,876.972,52.1732,78.1979,132.752,1.34643,60.5794,1.63442,1.38933,0.02379,0.0255199,37.3597,0.204176,0.434281,1.74115,0.0142172,0.343294,0.00968233,0.809693,0.783049,3.34565,0.81563,0.816436,-0.0987842,5.52502,1.16923,3.495,-4.81637,101.748,13.5992,
imu,active,delay x2,,,,1,False,5.425,,,,55.2919,1,1,,,,,,,,,,,,,,,,,,,,,,,,,,,0.573088,,,,,
imu,active,delay x2,,,,2,True,10,54.9552,130.799,1.15711,5.63585,0,4,3.96423,3.97613,773.815,49.8202,77.3364,130.799,1.37076,61.1744,1.56994,2.85772,0.033226,0.0434115,61.4125,0.2409,0.946592,6.5407,0.0113931,0.332483,0.0525148,0.774101,0.790499,-2.0961,0.838532,0.824667,1.66724,5.6798,1.14085,3.78885,-4.1104,101.373,13.5785,
imu,active,delay x2,,,,3,True,10,52.6712,132.071,1.20821,0.553404,0,4,3.49452,3.50499,878.372,51.8536,77.3116,132.071,1.3491,60.5825,1.63172,1.73445,0.0475005,0.0330333,36.4447,0.114878,0.534257,1.98886,0.0183054,0.479059,0.0117705,0.810125,0.782846,3.42495,0.817262,0.818008,-0.091158,5.53404,1.16775,4.52885,-4.37504,114.981,13.5993,
imu,active,noise and delay x2,,,,1,False,5.425,,,,55.2919,1,1,,,,,,,,,,,,,,,,,,,,,,,,,,,0.573088,,,,,
imu,active,noise and delay x2,,,,2,True,10,54.9552,130.799,1.15711,5.63585,0,4,3.96423,3.97613,773.815,49.8202,77.3364,130.799,1.37076,61.1744,1.56994,2.85772,0.033226,0.0434115,61.4125,0.2409,0.946592,6.5407,0.0113931,0.332483,0.0525148,0.774101,0.790499,-2.0961,0.838532,0.824667,1.66724,5.6798,1.14085,3.78885,-4.1104,101.373,13.5785,
imu,active,noise and delay x2,,,,3,True,10,53.0799,132.26,1.20801,0.553226,0,4,3.49185,3.50469,877.244,51.9254,77.6298,132.26,1.349,60.5801,1.63134,1.58082,0.0443711,0.0312324,35.2251,0.12409,0.405875,1.91943,0.0185554,0.470826,0.0109748,0.809708,0.783298,3.31568,0.817167,0.81817,-0.122615,5.53226,1.1677,4.38248,-4.50654,109.043,13.5994,
delay,active,,0,,,1,False,4.29,,,,67.116,1,0,,,,,,,,,,,,,,,,,,,,,,,,,,,0.42754,,,,,
delay,active,,0,,,2,True,10,54.8692,130.758,1.17514,0.565837,0,4,3.97266,3.9932,780.646,50.47,78.5073,130.758,1.36595,60.9293,1.59407,2.69284,0.0442454,0.0461086,59.974,0.360212,0.771397,2.84504,0.0029468,0.231531,0.0515724,0.771821,0.792116,-2.5953,0.832258,0.82295,1.12468,5.65837,1.14611,2.31017,-4.60414,86.9201,13.2668,
delay,active,,0,,,3,True,10,53.0028,133.837,1.21799,0.553307,0,4,3.50067,3.52204,887.182,52.3471,79.0719,133.837,1.34314,60.295,1.64012,1.4314,0.0117902,0.0183201,35.4448,0.356841,0.349604,1.84928,0.0135243,0.422513,0.00969962,0.808061,0.785587,2.82045,0.809804,0.817839,-0.987276,5.53307,1.17251,2.42313,-5.02964,102.636,13.5868,
delay,active,,15,,,1,True,10,43.6076,134.85,1.18077,0.571713,0,4,3.73527,3.82393,854.811,47.6256,69.8477,134.85,1.44442,57.4235,1.69827,0.708132,0.0209722,0.015933,18.3537,0.466407,0.258565,6.32137,0.0029001,0.209894,0.0146563,0.815854,0.818909,-0.37377,0.829439,0.876151,-5.4776,5.71713,1.16508,4.57168,-3.29787,109.616,13.5637,
delay,active,,15,,,2,True,10,55.2498,130.616,1.16735,0.56527,0,4,3.95752,3.98519,768.385,50.1916,77.9145,130.616,1.36852,61.1096,1.58724,2.28145,0.0326915,0.0360704,40.9761,0.204221,0.540328,3.09146,0.00267405,0.205986,0.0394423,0.771942,0.788467,-2.11801,0.836297,0.821718,1.75857,5.6527,1.14403,3.22238,-4.35457,89.0309,13.4632,
delay,active,,15,,,3,True,10,53.6514,132.752,1.2123,0.552502,0,4,3.48955,3.51106,876.972,52.1732,78.1979,132.752,1.34643,60.5794,1.63442,1.38933,0.02379,0.0255199,37.3597,0.204176,0.434281,1.74115,0.0142172,0.343294,0.00968233,0.809693,0.783049,3.34565,0.81563,0.816436,-0.0987842,5.52502,1.16923,3.495,-4.81637,101.748,13.5992,
delay,active,,30,,,1,False,5.425,,,,55.2919,1,1,,,,,,,,,,,,,,,,,,,,,,,,,,,0.573088,,,,,
delay,active,,30,,,2,True,10,54.9552,130.799,1.15711,5.63585,0,4,3.96423,3.97613,773.815,49.8202,77.3364,130.799,1.37076,61.1744,1.56994,2.85772,0.033226,0.0434115,61.4125,0.2409,0.946592,6.5407,0.0113931,0.332483,0.0525148,0.774101,0.790499,-2.0961,0.838532,0.824667,1.66724,5.6798,1.14085,3.78885,-4.1104,101.373,13.5785,
delay,active,,30,,,3,True,10,52.6712,132.071,1.20821,0.553404,0,4,3.49452,3.50499,878.372,51.8536,77.3116,132.071,1.3491,60.5825,1.63172,1.73445,0.0475005,0.0330333,36.4447,0.114878,0.534257,1.98886,0.0183054,0.479059,0.0117705,0.810125,0.782846,3.42495,0.817262,0.818008,-0.091158,5.53404,1.16775,4.52885,-4.37504,114.981,13.5993,
delay,active,,45,,,1,False,5.545,,,,54.0775,1,1,,,,,,,,,,,,,,,,,,,,,,,,,,,0.58527,,,,,
delay,active,,45,,,2,True,10,53.4376,131.66,1.15419,5.68688,0,4,3.95966,3.97665,768.382,49.4342,76.6925,131.66,1.37341,60.9745,1.5693,2.17338,0.0374556,0.0369888,55.7119,0.250741,0.702989,6.37734,0.012343,0.423021,0.0449577,0.772,0.792203,-2.58313,0.837396,0.826687,1.28705,5.68827,1.14055,4.73675,-3.94299,103.29,13.6083,
delay,active,,45,,,3,True,10,51.469,132.17,1.2079,0.554155,0,4,3.49735,3.51196,880.128,51.5922,76.5357,132.17,1.35089,60.4908,1.63327,1.69476,0.0329318,0.0298607,34.7482,0.132091,0.475115,1.8492,0.0181978,0.441565,0.0100992,0.809881,0.784584,3.17314,0.81712,0.819045,-0.23533,5.54155,1.16867,5.42685,-4.10231,118.237,13.6081,
delay,active,,60,,,1,False,6.38,,,,45.8147,1,2,,,,,,,,,,,,,,,,,,,,,,,,,,,0.702486,,,,,
delay,active,,60,,,2,False,4.275,,,,67.0541,1,0,,,,,,,,,,,,,,,,,,,,,,,,,,,0.421963,,,,,
delay,active,,60,,,3,True,10,50.0931,132.026,1.20936,0.554736,0,4,3.51205,3.52159,884.072,51.2777,75.7095,132.026,1.35253,60.3842,1.63756,1.3158,0.0359852,0.0225388,31.3675,0.139846,0.494042,1.60826,0.0179401,0.355177,0.00967602,0.8116,0.790069,2.68859,0.816684,0.820714,-0.492211,5.54736,1.17049,6.08988,-4.09757,115.285,13.6068,
delay,active,,80,,,1,False,6.435,,,,45.2718,1,2,,,,,,,,,,,,,,,,,,,,,,,,,,,0.708313,,,,,
delay,active,,80,,,2,False,4.275,,,,66.7184,1,0,,,,,,,,,,,,,,,,,,,,,,,,,,,0.425416,,,,,
delay,active,,80,,,3,True,10,48.789,131.561,1.20701,0.555005,0,4,3.51935,3.52583,882.447,50.9836,75.0419,131.561,1.35515,60.3821,1.63746,1.44243,0.0345144,0.0250852,36.5157,0.0888567,0.630041,1.73592,0.0181061,0.425764,0.0127066,0.812015,0.789277,2.84001,0.818229,0.821709,-0.42436,5.55005,1.16978,6.39907,-4.17691,125.82,13.6076,
delay,active,,100,,,1,False,6.43,,,,45.3194,1,2,,,,,,,,,,,,,,,,,,,,,,,,,,,0.708089,,,,,
delay,active,,100,,,2,False,4.435,,,,64.496,1,0,,,,,,,,,,,,,,,,,,,,,,,,,,,0.44991,,,,,
delay,active,,100,,,3,True,10,47.6505,131.685,1.20786,0.55511,0,4,3.5265,3.53604,879.897,50.8466,74.7073,131.685,1.35611,60.3104,1.63982,1.3616,0.0291901,0.0221429,37.1407,0.117149,0.714027,2.06662,0.0161864,0.390043,0.01123,0.811661,0.790194,2.68032,0.81785,0.822954,-0.62215,5.5511,1.17026,6.39228,-4.20218,121.491,13.6082,
actuator delay,active,,0,,,1,False,4.305,,,,66.9735,1,0,,,,,,,,,,,,,,,,,,,,,,,,,,,0.428781,,,,,
actuator delay,active,,0,,,2,True,10,54.484,129.909,1.17172,0.565346,0,4,3.9224,3.94055,727.735,50.2682,78.0477,129.909,1.36582,61.1874,1.59092,2.29548,0.0407634,0.0389324,38.956,0.236414,0.615416,2.87041,0.00199261,0.203556,0.0437222,0.774458,0.788105,-1.7467,0.835711,0.820121,1.88303,5.65346,1.14596,1.62202,-5.1306,25.992,12.8956,
actuator delay,active,,0,,,3,True,10,52.95,132.532,1.2154,0.552902,0,4,3.44554,3.45394,826.552,52.2186,78.5124,132.532,1.34437,60.5634,1.63639,1.55611,0.0335362,0.0317747,48.0862,0.214488,0.454741,1.8579,0.0151131,0.355887,0.00809971,0.810757,0.783566,3.41105,0.814164,0.815965,-0.220968,5.52902,1.17042,1.5571,-5.49435,24.2009,13.5587,
actuator delay,active,,15,,,1,False,5.405,,,,55.5774,1,1,,,,,,,,,,,,,,,,,,,,,,,,,,,0.570016,,,,,
actuator delay,active,,15,,,2,True,10,55.2254,130.325,1.16482,0.565419,0,4,3.99414,4.03354,846.602,50.0601,77.6965,130.325,1.37011,61.0579,1.58734,2.06574,0.0175609,0.0332202,39.6926,0.251189,0.397889,2.04854,0.00391553,0.270929,0.0374372,0.770733,0.789069,-2.35095,0.836556,0.822891,1.64692,5.65419,1.14405,4.2575,-3.29913,99.2396,13.5913,
actuator delay,active,,15,,,3,True,10,53.7572,132.519,1.21166,0.552542,0,4,3.54107,3.55672,968.029,52.1382,77.9472,132.486,1.34674,60.641,1.63433,1.7137,0.0248378,0.0251031,39.313,0.163921,0.409702,2.15856,0.0143015,0.374232,0.0100534,0.809972,0.781861,3.53188,0.816653,0.816025,0.0768926,5.52542,1.16896,4.57316,-3.56437,116.202,13.6011,
actuator delay,active,,30,,,1,False,5.48,,,,54.7818,1,1,,,,,,,,,,,,,,,,,,,,,,,,,,,0.57822,,,,,
actuator delay,active,,30,,,2,True,10,54.9755,129.839,1.16477,0.56501,0,4,4.05148,4.17407,952.932,49.831,77.0055,129.839,1.3695,61.2332,1.58419,2.28391,0.038251,0.0360345,43.0238,0.150419,0.544258,3.00687,0.0034083,0.235891,0.039523,0.775312,0.785843,-1.34911,0.838591,0.820647,2.16298,5.6501,1.14415,6.08133,-1.70639,104.928,13.6095,
actuator delay,active,,30,,,3,True,10,53.1048,131.467,1.20953,0.551751,0,4,3.62685,3.6867,1071.15,51.7922,76.9288,131.467,1.35,60.8213,1.63443,1.78359,0.0415955,0.0275486,46.3923,0.0715246,0.442564,1.8631,0.0120562,0.396092,0.012697,0.813285,0.778947,4.31315,0.821064,0.814978,0.743962,5.51751,1.16813,6.81019,-1.78982,119.228,13.6097,
actuator delay,active,,45,,,1,False,5.555,,,,54.0737,1,1,,,,,,,,,,,,,,,,,,,,,,,,,,,0.585674,,,,,
actuator delay,active,,45,,,2,True,10,54.8453,128.707,1.1667,0.614575,0,4,4.16176,4.48795,972.814,49.7369,76.3872,128.707,1.36819,61.4305,1.58596,2.30022,0.0292767,0.0327603,43.7465,0.180189,0.610344,2.77377,0.00418544,0.272845,0.039077,0.779505,0.783733,-0.540887,0.840484,0.818146,2.69351,5.64504,1.14569,6.59412,-1.46145,118.492,13.61,
actuator delay,active,,45,,,3,True,10,52.6322,130.549,1.21164,0.551556,0,4,3.75939,3.94401,1085.39,51.6608,76.1786,130.549,1.35003,60.954,1.63729,1.5716,0.0987326,0.0293692,46.022,0.0969383,0.53402,1.55292,0.0133612,0.370697,0.0127773,0.817189,0.777961,4.91846,0.822879,0.813457,1.15163,5.51556,1.16997,7.20531,-1.55109,121.227,13.61,
actuator delay,active,,60,,,1,False,6.37,,,,46.2098,1,2,,,,,,,,,,,,,,,,,,,,,,,,,,,0.697152,,,,,
actuator delay,active,,60,,,2,True,10,54.8544,128.775,1.16166,0.616143,0,4,4.33777,5.05011,980.583,49.5012,75.8748,128.775,1.37107,61.3711,1.58841,0.780229,0.0300948,0.0202722,40.9972,0.16368,0.22408,1.39956,0.00256837,0.124754,0.0137755,0.780159,0.78159,-0.183251,0.841439,0.816328,3.02948,5.65371,1.14849,7.07888,-1.49797,136.433,13.61,
actuator delay,active,,60,,,3,True,10,52.84,130.758,1.2103,0.551442,0,4,3.97261,4.43834,1097.82,51.5758,75.7198,130.758,1.35109,60.9702,1.63752,1.51416,0.201248,0.0544873,44.2033,0.0722385,0.366522,1.65716,0.0102082,0.375123,0.0125861,0.818571,0.777027,5.20737,0.823748,0.812793,1.33874,5.51442,1.16978,7.6369,-1.612,138.16,13.61,
actuator delay,active,,80,,,1,False,6.375,,,,46.0246,1,2,,,,,,,,,,,,,,,,,,,,,,,,,,,0.699791,,,,,
actuator delay,active,,80,,,2,True,10,58.4414,132.156,1.16065,0.617853,0,4,5.03107,7.3077,1012.51,49.7429,75.4982,132.156,1.37146,61.2251,1.59352,1.52688,0.0430495,0.420748,67.0109,0.148905,0.494382,3.42578,0.00103672,0.195675,0.0385516,0.779694,0.781924,-0.28556,0.839675,0.818127,2.59962,5.66113,1.1518,7.60558,-1.2414,129.228,13.61,
actuator delay,active,,80,,,3,True,10,55.1234,132.456,1.21107,0.550797,0,4,4.85811,6.48933,1134.58,51.5905,75.2428,132.456,1.35089,60.9819,1.6386,0.77416,0.41286,0.229413,41.458,0.0529733,0.403054,1.66132,0.00737519,0.374843,0.0125867,0.820603,0.775652,5.63199,0.823792,0.812496,1.38058,5.50797,1.17071,8.41206,-1.3967,151.403,13.61,
actuator delay,active,,100,,,1,False,6.82,,,,40.3726,1,2,,,,,,,,,,,,,,,,,,,,,,,,,,,0.770501,,,,,
actuator delay,active,,100,,,2,True,10,67.1435,131.456,1.1719,0.616712,0,4,10.4111,12.7493,1100.82,50.2233,75.5829,131.456,1.35472,62.1652,1.5959,2.18233,0.706436,0.254476,56.7938,0.199202,0.529954,6.05115,0.00508348,0.28605,0.0405778,0.786566,0.771999,1.86927,0.842157,0.805375,4.46505,5.65942,1.15707,8.59685,-0.573852,119.349,13.61,
actuator delay,active,,100,,,3,True,10,66.1255,127.523,1.20757,0.55127,0,4,11.4186,12.4243,1198.58,51.4588,74.3718,127.523,1.35513,62.0135,1.6366,0.851369,0.472452,0.0314483,17.4497,0.175034,0.266987,1.2992,0.00272977,0.269986,0.0115623,0.830043,0.76347,8.35545,0.840357,0.801462,4.73813,5.5127,1.16786,10.1358,-0.59578,154.67,13.61,
push,healthy,,,none,0,1,True,10,36.6061,127.268,1.15985,0.545881,0,4,0.449068,0.520627,787.288,46.4422,75.74,127.268,1.35526,61.6829,1.57222,0.194306,0.0108062,0.00302284,14.4409,0.102301,0.178195,0.236478,0.00327909,0.0968494,0.00549533,0.764988,0.763236,0.229303,0.83596,0.835893,0.00795686,5.45881,1.14554,0,0,0,0,5.5
push,healthy,,,none,0,2,True,10,36.2064,125.289,1.15324,0.546708,0,4,0.0548427,0.116546,781.718,46.6737,75.8151,125.289,1.35461,61.7912,1.56331,0.313314,0.0269414,0.00226739,9.50214,0.0432262,0.0515394,0.692314,0.00255115,0.131319,0.00241165,0.760739,0.759702,0.136393,0.837025,0.836634,0.0467167,5.46708,1.14155,0,0,0,0,5.5
push,healthy,,,none,0,3,True,10,36.0229,126.29,1.16595,0.544654,0,4,0.576883,0.633878,777.279,45.8054,75.5197,126.29,1.35569,61.5174,1.58154,0.067703,0.0112681,0.00625911,11.5999,0.0856747,0.140481,0.273094,0.000520906,0.0282413,0.00192219,0.768343,0.766583,0.229299,0.833984,0.834702,-0.0860065,5.44654,1.15411,0,0,0,0,5.5
push,healthy,,,backward,25,1,False,7.035,,,,40.3453,1,2,,,,,,,,,,,,,,,,,,,,,,,,,,,0.727852,,,,,2.535
push,healthy,,,backward,25,2,False,6.985,,,,41.2992,1,2,,,,,,,,,,,,,,,,,,,,,,,,,,,0.716878,,,,,2.485
push,healthy,,,backward,25,3,False,6.965,,,,41.07,1,2,,,,,,,,,,,,,,,,,,,,,,,,,,,0.720147,,,,,2.465
push,healthy,,,forward,25,1,False,5.475,,,,56.4831,1,1,,,,,,,,,,,,,,,,,,,,,,,,,,,0.543358,,,,,0.975
push,healthy,,,forward,25,2,False,5.475,,,,56.3645,1,1,,,,,,,,,,,,,,,,,,,,,,,,,,,0.544681,,,,,0.975
push,healthy,,,forward,25,3,False,5.5,,,,55.813,1,1,,,,,,,,,,,,,,,,,,,,,,,,,,,0.552576,,,,,1
push,healthy,,,backward,50,1,False,5.375,,,,58.5611,1,1,,,,,,,,,,,,,,,,,,,,,,,,,,,0.515783,,,,,0.875
push,healthy,,,backward,50,2,False,5.22,,,,58.5075,1,1,,,,,,,,,,,,,,,,,,,,,,,,,,,0.515572,,,,,0.72
push,healthy,,,backward,50,3,False,5.85,,,,54.4105,1,1,,,,,,,,,,,,,,,,,,,,,,,,,,,0.565801,,,,,1.35
push,healthy,,,forward,50,1,False,5.39,,,,57.0977,1,1,,,,,,,,,,,,,,,,,,,,,,,,,,,0.536091,,,,,0.89
push,healthy,,,forward,50,2,False,5.39,,,,56.963,1,1,,,,,,,,,,,,,,,,,,,,,,,,,,,0.537611,,,,,0.89
push,healthy,,,forward,50,3,False,5.405,,,,56.4536,1,1,,,,,,,,,,,,,,,,,,,,,,,,,,,0.5448,,,,,0.905
push,healthy,,,backward,75,1,False,6.28,,,,52.1132,1,2,,,,,,,,,,,,,,,,,,,,,,,,,,,0.590483,,,,,1.78
push,healthy,,,backward,75,2,False,7.96,49.2241,,0.885683,37.1099,1,3,-0.15735,0.283819,432.563,51.0025,78.0945,134.361,1.23056,66.4185,1.05744,9.32127,0.21346,2.05888,338.556,1.75317,3.01613,34.7092,0.0584771,5.60535,0.145057,0.530755,0.658977,-21.5549,0.816481,0.825486,-1.09689,6.06268,0.770928,,,,,3.46
push,healthy,,,backward,75,3,False,7.455,56.6533,,0.89443,42.0542,1,3,-0.678587,1.42679,460.24,47.0178,84.9937,117.181,1.18286,69.496,0.964782,27.3487,1.68239,1.53815,277.449,7.35259,9.98628,18.4212,0.230637,10.8012,0.316598,0.563424,0.685227,-19.5095,0.805441,0.885737,-9.49587,6.06684,0.71259,,,,,2.955
push,healthy,,,forward,75,1,False,5.36,,,,57.1872,1,1,,,,,,,,,,,,,,,,,,,,,,,,,,,0.534858,,,,,0.86
push,healthy,,,forward,75,2,False,5.355,,,,57.1258,1,1,,,,,,,,,,,,,,,,,,,,,,,,,,,0.53527,,,,,0.855
push,healthy,,,forward,75,3,False,5.37,,,,56.6168,1,1,,,,,,,,,,,,,,,,,,,,,,,,,,,0.542434,,,,,0.87
push,healthy,,,backward,100,1,False,7.76,59.8468,,0.781888,43.1981,1,3,0.0694219,2.39921,370.917,47.5205,84.369,122.235,1.27484,69.57,0.915191,23.6122,0.475156,1.79571,365.437,8.0961,7.74444,17.242,0.292943,11.0752,0.281794,0.529204,0.672621,-23.8666,0.867373,0.990201,-13.2245,6.28656,0.696385,,,,,3.26
push,healthy,,,backward,100,2,False,7.71,59.3312,,0.786406,43.3995,1,3,-0.548934,1.49941,376.028,47.6095,84.2574,115.437,1.26702,69.7851,0.91499,24.3884,0.918677,1.47345,366.796,8.44409,7.9245,16.3646,0.275976,11.0198,0.277145,0.530268,0.666506,-22.7676,0.865549,0.9828,-12.6871,6.28924,0.694108,,,,,3.21
push,healthy,,,backward,100,3,False,6.15,,,,56.3588,1,2,,,,,,,,,,,,,,,,,,,,,,,,,,,0.536785,,,,,1.65
push,healthy,,,forward,100,1,False,5.325,,,,57.4822,1,1,,,,,,,,,,,,,,,,,,,,,,,,,,,0.530996,,,,,0.825
push,healthy,,,forward,100,2,False,5.315,,,,57.4581,1,1,,,,,,,,,,,,,,,,,,,,,,,,,,,0.531112,,,,,0.815
push,healthy,,,forward,100,3,False,5.33,,,,56.9441,1,1,,,,,,,,,,,,,,,,,,,,,,,,,,,0.538264,,,,,0.83
push,healthy,,,backward,150,1,False,6.05,,,,60.9625,1,1,,,,,,,,,,,,,,,,,,,,,,,,,,,0.477697,,,,,1.55
push,healthy,,,backward,150,2,False,6.095,,,,61.0387,1,1,,,,,,,,,,,,,,,,,,,,,,,,,,,0.476989,,,,,1.595
push,healthy,,,backward,150,3,False,6.025,,,,60.4898,1,2,,,,,,,,,,,,,,,,,,,,,,,,,,,0.483797,,,,,1.525
push,healthy,,,forward,150,1,False,5.25,,,,58.2099,1,1,,,,,,,,,,,,,,,,,,,,,,,,,,,0.52249,,,,,0.75
push,healthy,,,forward,150,2,False,5.24,,,,58.2062,1,1,,,,,,,,,,,,,,,,,,,,,,,,,,,0.521851,,,,,0.74
push,healthy,,,forward,150,3,False,5.25,,,,57.7257,1,1,,,,,,,,,,,,,,,,,,,,,,,,,,,0.528988,,,,,0.75
push,none,,,backward,25,1,False,7.13,,,,36.0204,1,2,,,,,,,,,,,,,,,,,,,,,,,,,,,0.822973,,,,,2.63
push,none,,,backward,25,2,True,10,64.6972,117.084,1.27845,0.663023,0,4,-3.20071,-3.32568,945.465,59.4044,79.9745,117.084,1.37389,57.8585,1.76293,5.7108,0.585564,0.689174,54.8377,2.06099,1.11091,5.13055,0.0254451,0.827502,0.0314006,0.813612,0.8463,-3.93849,0.794782,0.817539,-2.8229,6.12958,1.26713,0,0,0,0,5.5
push,none,,,backward,25,3,False,7.215,,,,34.2609,1,2,,,,,,,,,,,,,,,,,,,,,,,,,,,0.844388,,,,,2.715
push,none,,,forward,25,1,False,5.725,,,,50.0682,1,1,,,,,,,,,,,,,,,,,,,,,,,,,,,0.654774,,,,,1.225
push,none,,,forward,25,2,False,7.505,75.4625,,1.31525,31.7573,1,3,-4.93178,-6.95207,867.964,55.832,84.2439,126.913,1.20135,65.5819,1.43055,19.0005,1.86976,3.23523,276.444,9.62024,6.3541,18.3161,0.257513,11.1912,0.55831,0.792161,0.847175,-6.71177,0.768665,0.791181,-2.88695,6.29026,0.922445,,,,,3.005
push,none,,,forward,25,3,False,6.075,,,,46.5673,1,2,,,,,,,,,,,,,,,,,,,,,,,,,,,0.705971,,,,,1.575
push,none,,,backward,50,1,False,6.17,,,,48.6097,1,2,,,,,,,,,,,,,,,,,,,,,,,,,,,0.669841,,,,,1.67
push,none,,,backward,50,2,False,7.35,66.3244,,1.23663,33.5163,1,3,-3.95044,-7.7057,790.481,48.3418,79.1474,188.9,1.1427,67.1988,1.2567,11.6839,1.74311,7.0731,112.474,22.1379,6.40383,119.348,0.389675,14.9071,0.687588,0.761354,0.825948,-8.13886,0.729167,0.828305,-12.7306,6.40929,0.88716,,,,,2.85
push,none,,,backward,50,3,False,5.495,,,,54.0765,1,1,,,,,,,,,,,,,,,,,,,,,,,,,,,0.599733,,,,,0.995
push,none,,,forward,50,1,False,5.48,,,,53.3667,1,1,,,,,,,,,,,,,,,,,,,,,,,,,,,0.615763,,,,,0.98
push,none,,,forward,50,2,False,6.085,,,,45.8218,1,2,,,,,,,,,,,,,,,,,,,,,,,,,,,0.736068,,,,,1.585
push,none,,,forward,50,3,False,5.515,,,,52.0626,1,1,,,,,,,,,,,,,,,,,,,,,,,,,,,0.627025,,,,,1.015
push,none,,,backward,75,1,False,6.92,,,,41.231,1,2,,,,,,,,,,,,,,,,,,,,,,,,,,,0.745035,,,,,2.42
push,none,,,backward,75,2,False,8.125,49.7952,,1.16777,26.7422,1,3,-3.16111,-5.94172,885.375,55.3916,78.9459,139.299,1.29468,63.3107,1.44214,3.26808,0.649597,5.06854,436.391,2.07325,2.00108,33.5495,0.148673,9.5031,0.296538,0.779676,0.752067,3.60491,0.810933,0.778239,4.11449,6.54317,0.954664,,,,,3.625
push,none,,,backward,75,3,False,6.485,,,,45.6178,1,2,,,,,,,,,,,,,,,,,,,,,,,,,,,0.6923,,,,,1.985
push,none,,,forward,75,1,False,5.415,,,,54.2104,1,1,,,,,,,,,,,,,,,,,,,,,,,,,,,0.608248,,,,,0.915
push,none,,,forward,75,2,False,5.33,,,,53.1393,1,1,,,,,,,,,,,,,,,,,,,,,,,,,,,0.634017,,,,,0.83
push,none,,,forward,75,3,False,5.435,,,,53.1373,1,1,,,,,,,,,,,,,,,,,,,,,,,,,,,0.616942,,,,,0.935
push,none,,,backward,100,1,False,7.08,,,,46.837,1,2,,,,,,,,,,,,,,,,,,,,,,,,,,,0.685161,,,,,2.58
push,none,,,backward,100,2,False,6.39,,,,46.6584,1,2,,,,,,,,,,,,,,,,,,,,,,,,,,,0.696331,,,,,1.89
push,none,,,backward,100,3,False,5.405,,,,54.697,1,1,,,,,,,,,,,,,,,,,,,,,,,,,,,0.586345,,,,,0.905
push,none,,,forward,100,1,False,5.37,,,,54.6633,1,1,,,,,,,,,,,,,,,,,,,,,,,,,,,0.604042,,,,,0.87
push,none,,,forward,100,2,False,5.265,,,,54.0498,1,1,,,,,,,,,,,,,,,,,,,,,,,,,,,0.619323,,,,,0.765
push,none,,,forward,100,3,False,5.345,,,,54.1837,1,1,,,,,,,,,,,,,,,,,,,,,,,,,,,0.602489,,,,,0.845
push,none,,,backward,150,1,False,5.575,,,,57.035,1,1,,,,,,,,,,,,,,,,,,,,,,,,,,,0.553281,,,,,1.075
push,none,,,backward,150,2,False,6.115,,,,55.8528,1,1,,,,,,,,,,,,,,,,,,,,,,,,,,,0.580982,,,,,1.615
push,none,,,backward,150,3,False,6.055,,,,57.3335,1,2,,,,,,,,,,,,,,,,,,,,,,,,,,,0.546618,,,,,1.555
push,none,,,forward,150,1,False,5.275,,,,55.7808,1,1,,,,,,,,,,,,,,,,,,,,,,,,,,,0.587883,,,,,0.775
push,none,,,forward,150,2,False,5.25,,,,54.2312,1,1,,,,,,,,,,,,,,,,,,,,,,,,,,,0.622099,,,,,0.75
push,none,,,forward,150,3,False,5.295,,,,54.8554,1,1,,,,,,,,,,,,,,,,,,,,,,,,,,,0.597816,,,,,0.795
push,passive,,,backward,25,1,True,10,56.218,217.727,1.26726,0.711701,0,5,-0.161836,4.77877,474.225,59.1837,82.4902,118.917,1.39177,55.2606,1.7809,3.85459,0.166453,0.274905,100.769,2.74728,1.42847,25.7413,0.0467081,0.694082,0.0425654,0.771571,0.900583,-15.4306,0.769182,0.859954,-11.1435,6.47347,1.26994,13.8869,-14.1406,484.444,37.2454,5.5
push,passive,,,backward,25,2,False,7.465,45.9545,,1.19448,32.8318,1,4,-1.23082,-0.99383,414.818,47.6925,79.4034,107.08,1.19561,63.138,1.32784,9.89816,0.0200417,0.204269,52.6923,0.951924,3.3327,49.6053,0.304445,9.06759,0.588208,0.738162,0.829226,-11.6198,0.734194,0.828183,-12.0315,5.67815,0.837139,,,,,2.965
push,passive,,,backward,25,3,True,10,47.2975,263.882,1.20961,5.96914,0,5,-0.474261,1.59111,529.685,55.7102,82.1855,126.546,1.36079,61.6639,1.65106,8.01018,0.0674118,2.85932,137.726,3.45215,3.38859,20.9738,0.0972624,3.54266,0.129334,0.798189,0.814203,-1.98638,0.837995,0.84367,-0.674893,6.06963,1.23159,12.7983,-12.9619,367.02,41.8539,5.5
push,passive,,,forward,25,1,False,6.105,59.0544,,1.26725,48.4521,1,3,-0.415906,3.05815,411.603,52.9541,84.4861,147.6,1.15118,59.8074,1.34311,13.1687,0.415728,2.67161,52.9918,10.9715,3.94904,64.6785,0.441532,6.36674,0.647468,0.73105,0.890853,-19.7057,0.669766,0.853795,-24.1578,6.23419,0.682949,,,,,1.605
push,passive,,,forward,25,2,False,7.43,55.6184,,1.23177,34.2388,1,4,-1.45383,1.03013,327.541,47.7161,82.5977,108.309,1.21314,63.384,1.36488,20.8685,0.469805,2.24073,202.795,5.40807,8.13902,11.7799,0.184752,5.9663,0.488535,0.643376,0.857066,-28.4836,0.76068,0.783045,-2.89748,5.71939,0.834552,,,,,2.93
push,passive,,,forward,25,3,False,5.67,,,,52.1824,1,2,,,,,,,,,,,,,,,,,,,,,,,,,,,0.631367,,,,,1.17
push,passive,,,backward,50,1,False,7.43,60.329,,1.22877,34.3563,1,4,-0.248111,2.70061,286.978,51.3174,81.1744,147.633,1.19304,61.0015,1.377,16.6814,0.21661,3.6605,187.325,15.0133,1.45898,72.6986,0.438882,9.65593,0.707882,0.704574,0.879056,-22.0358,0.696009,0.873858,-22.6578,6.33073,0.859696,,,,,2.93
push,passive,,,backward,50,2,False,6.9,52.2894,,1.15441,39.7801,1,3,-1.26371,-0.291788,362.58,48.3513,78.4175,129.716,1.30958,60.4725,1.43026,14.4504,0.0478633,1.1274,55.1353,1.79213,0.616906,43.0685,0.14072,5.81324,0.247716,0.688382,0.806351,-15.7847,0.786483,0.802015,-1.95553,5.63794,0.739862,,,,,2.4
push,passive,,,backward,50,3,False,7.88,49.9769,,1.16942,29.4909,1,4,-0.88118,1.92632,473.982,52.6828,83.0163,118.773,1.29771,65.4171,1.46788,7.42328,0.704071,3.08117,185.114,4.37466,4.16324,15.3462,0.181598,7.6453,0.329583,0.765007,0.768717,-0.483732,0.840654,0.839922,0.0870847,6.1699,0.912132,,,,,3.38
push,passive,,,forward,50,1,False,5.615,,,,54.2036,1,2,,,,,,,,,,,,,,,,,,,,,,,,,,,0.600851,,,,,1.115
push,passive,,,forward,50,2,False,6.005,47.3225,,1.24742,48.3781,1,3,-1.23788,-0.78034,449.801,47.0548,81.3118,99.3538,1.12742,65.1487,1.2747,16.0119,0.00902453,0.152098,102.283,3.05696,5.70622,32.3215,0.31813,8.4889,0.654114,0.749064,0.840442,-11.4976,0.71652,0.783395,-8.91711,5.58589,0.662305,,,,,1.505
push,passive,,,forward,50,3,False,5.445,,,,55.2236,1,2,,,,,,,,,,,,,,,,,,,,,,,,,,,0.596865,,,,,0.945
push,passive,,,backward,75,1,False,7.095,51.3823,,1.15858,38.9098,1,3,-0.176654,2.9996,341.362,55.1678,80.4992,114.95,1.43923,55.7763,1.75491,11.0595,0.101025,2.46058,92.0287,2.2312,2.50074,21.2065,0.0592653,1.33502,0.145974,0.720163,0.892364,-21.3579,0.802229,0.934438,-15.2256,6.34975,0.78742,,,,,2.595
push,passive,,,backward,75,2,False,6.815,46.7882,,1.12981,46.2694,1,3,-1.43322,0.329003,295.789,49.5978,77.9442,119.156,1.25128,63.3367,1.22775,11.1014,0.340786,1.31685,167.978,2.20822,1.91202,25.3284,0.143495,6.41753,0.399589,0.577315,0.744517,-25.2985,0.786379,0.803706,-2.17937,6.0564,0.671686,,,,,2.315
push,passive,,,backward,75,3,False,8.765,51.7551,,1.20375,21.1879,1,5,-0.794737,1.57751,462.163,54.1687,86.0896,114.675,1.2412,63.7876,1.41605,13.3534,0.662442,2.82832,143.639,3.05587,6.46087,20.5039,0.281979,6.76993,0.504034,0.752893,0.791733,-5.02895,0.780146,0.829263,-6.1037,6.28995,1.02673,,,,,4.265
push,passive,,,forward,75,1,False,5.61,,,,53.8738,1,2,,,,,,,,,,,,,,,,,,,,,,,,,,,0.610178,,,,,1.11
push,passive,,,forward,75,2,False,5.46,,,,53.7576,1,2,,,,,,,,,,,,,,,,,,,,,,,,,,,0.590432,,,,,0.96
push,passive,,,forward,75,3,False,5.365,,,,56.4418,1,2,,,,,,,,,,,,,,,,,,,,,,,,,,,0.58213,,,,,0.865
push,passive,,,backward,100,1,False,6.91,62.2784,,1.12217,42.2444,1,3,-0.198156,3.93646,316.375,53.4349,81.7215,105.859,1.36944,59.334,1.45765,4.25542,0.103804,0.645264,132.746,3.72668,0.942087,4.58033,0.233995,8.70626,0.312176,0.676314,0.790996,-15.6316,0.798974,0.840218,-5.03218,6.47099,0.729169,,,,,2.41
push,passive,,,backward,100,2,False,7.26,41.4172,,1.03847,46.2278,1,4,-1.42433,-0.299379,201.375,42.6661,59.3561,89.861,0.999746,70.5928,0.922584,17.247,0.371161,1.82298,221.053,15.284,39.0216,62.9039,0.52177,17.689,0.668354,0.497226,0.747246,-40.1809,0.63653,0.900598,-34.3587,6.3976,0.667911,,,,,2.76
push,passive,,,backward,100,3,False,6.74,59.5896,,1.19014,45.4967,1,3,-0.563852,1.79596,495.203,53.4684,84.194,115.847,1.33063,64.0306,1.38693,12.9412,0.0581762,2.42964,78.6209,4.44062,3.80483,5.36836,0.185538,9.69665,0.530126,0.770735,0.844613,-9.14706,0.840026,0.891298,-5.92291,6.24007,0.705487,,,,,2.24
push,passive,,,forward,100,1,False,5.565,,,,54.0918,1,2,,,,,,,,,,,,,,,,,,,,,,,,,,,0.60951,,,,,1.065
push,passive,,,forward,100,2,False,5.375,,,,54.4403,1,2,,,,,,,,,,,,,,,,,,,,,,,,,,,0.58028,,,,,0.875
push,passive,,,forward,100,3,False,5.3,,,,57.2974,1,2,,,,,,,,,,,,,,,,,,,,,,,,,,,0.571637,,,,,0.8
push,passive,,,backward,150,1,False,8.765,48.2254,,0.908183,31.3575,1,5,-0.453405,1.91937,207.395,47.2204,65.0376,87.5158,1.14342,61.7953,1.10632,18.8242,0.748004,2.48092,204.917,15.3752,35.6282,47.1727,0.567407,9.87085,0.64097,0.524491,0.784149,-39.6836,0.664359,0.914797,-31.718,6.99073,0.869719,,,,,4.265
push,passive,,,backward,150,2,False,6.01,,,,58.9739,1,2,,,,,,,,,,,,,,,,,,,,,,,,,,,0.509249,,,,,1.51
push,passive,,,backward,150,3,False,7.99,50.2772,,1.04177,32.9369,1,4,-0.916163,1.5902,400.138,53.2994,83.4841,102.891,1.32011,64.8079,1.3478,4.97442,0.618736,2.79712,130.413,3.48313,1.94647,14.0541,0.193955,8.0166,0.301944,0.665172,0.709325,-6.42454,0.845075,0.798501,5.66742,6.35904,0.855147,,,,,3.49
push,passive,,,forward,150,1,False,5.455,,,,55.3011,1,2,,,,,,,,,,,,,,,,,,,,,,,,,,,0.596049,,,,,0.955
push,passive,,,forward,150,2,False,5.275,,,,55.7553,1,2,,,,,,,,,,,,,,,,,,,,,,,,,,,0.565144,,,,,0.775
push,passive,,,forward,150,3,False,5.21,,,,57.982,1,2,,,,,,,,,,,,,,,,,,,,,,,,,,,0.563778,,,,,0.71
push,active,,,backward,25,1,False,9.295,51.7196,,1.13025,15.2574,1,4,3.67768,2.86434,810.705,48.0179,77.7336,164.822,1.28455,62.0844,1.39236,13.4123,0.106865,1.83505,111.708,4.68693,12.3177,46.283,0.263702,8.10847,0.422488,0.798205,0.759216,5.00693,0.781619,0.886889,-12.6184,5.96545,1.06482,,,,,4.795
push,active,,,backward,25,2,True,10,52.3235,133.97,1.14287,5.68828,0,4,3.89513,3.96436,742.182,50.2491,77.9926,133.97,1.36883,61.1321,1.58141,2.08526,0.0665371,0.0817435,45.137,0.249646,0.545826,10.9074,0.0236744,1.25844,0.0352286,0.756681,0.776809,-2.62512,0.836572,0.82639,1.22461,5.70616,1.14075,2.83675,-4.64633,75.3201,13.0028,5.5
push,active,,,backward,25,3,True,10,54.2186,132.016,1.17694,0.55397,0,4,3.46506,3.48953,831.243,52.0704,78.8513,132.016,1.35086,60.5322,1.60472,1.34971,0.060752,0.055925,29.0194,0.255368,0.575046,3.2468,0.0156149,0.81868,0.0284474,0.790771,0.772984,2.27491,0.817621,0.822139,-0.551045,5.5397,1.15416,3.27046,-4.66748,96.1271,13.5832,5.5
push,active,,,forward,25,1,False,6.905,,,,38.5073,1,2,,,,,,,,,,,,,,,,,,,,,,,,,,,0.776927,,,,,2.405
push,active,,,forward,25,2,True,10,53.5812,131.453,1.20266,0.56618,0,4,3.96144,3.98125,815.615,50.3432,77.6985,130.498,1.36085,61.1935,1.61021,3.23115,0.0264832,0.0426176,83.4389,0.781681,0.83297,4.54379,0.0205925,0.851059,0.0594249,0.788889,0.796724,-0.98832,0.832632,0.81145,2.57678,5.6618,1.15671,3.23081,-4.66737,95.8134,13.5006,5.5
push,active,,,forward,25,3,False,5.935,,,,49.3403,1,2,,,,,,,,,,,,,,,,,,,,,,,,,,,0.641343,,,,,1.435
push,active,,,backward,50,1,False,9.62,49.864,,1.13808,11.4049,1,4,3.72746,3.0244,855.63,47.5478,76.2928,171.736,1.35119,61.5663,1.47864,11.8207,0.226858,1.69459,218.311,4.27235,8.69651,39.878,0.196247,9.01837,0.350819,0.794646,0.79497,-0.0407326,0.819052,0.895571,-8.92544,5.98584,1.10936,,,,,5.12
push,active,,,backward,50,2,False,8.555,48.0116,,1.05254,23.4008,1,3,3.62456,3.26522,651.455,53.9072,80.1037,139.136,1.34981,62.1953,1.51221,2.34426,0.362289,0.771923,116.504,5.78011,3.33673,28.9158,0.0684358,3.4181,0.11008,0.70798,0.7838,-10.165,0.838111,0.839629,-0.180888,5.97387,0.943897,,,,,4.055
push,active,,,backward,50,3,False,7.335,60.1409,,1.1055,36.1269,1,3,3.19827,4.00339,742.924,54.0716,87.2897,128.405,1.14106,67.585,1.16335,17.1357,0.439861,1.57838,100.417,2.07772,12.5948,16.2255,0.343509,11.8282,0.55589,0.749245,0.747839,0.187846,0.744149,0.839466,-12.0379,5.77366,0.790191,,,,,2.835
push,active,,,forward,50,1,False,8.15,44.9939,,1.25828,23.8833,1,3,3.8478,2.98724,989.998,50.1033,76.2695,176.583,1.28316,63.584,1.53038,5.46018,0.0831046,1.60237,122.405,1.16086,6.69848,28.2639,0.182071,8.48622,0.402667,0.871501,0.749626,15.0358,0.805847,0.764822,5.22392,5.92406,0.975586,,,,,3.65
push,active,,,forward,50,2,False,6.995,,,,37.2576,1,2,,,,,,,,,,,,,,,,,,,,,,,,,,,0.795895,,,,,2.495
push,active,,,forward,50,3,False,5.86,,,,49.6106,1,2,,,,,,,,,,,,,,,,,,,,,,,,,,,0.64224,,,,,1.36
push,active,,,backward,75,1,False,6.715,,,,42.9948,1,2,,,,,,,,,,,,,,,,,,,,,,,,,,,0.703629,,,,,2.215
push,active,,,backward,75,2,False,8.11,47.3333,,0.938131,30.8881,1,3,2.71308,3.02021,478.919,54.147,81.0804,143.363,1.32126,64.5488,1.37512,7.60446,1.82648,1.07698,241.944,5.6898,4.08381,13.8425,0.112737,6.83095,0.239422,0.60918,0.721832,-16.9272,0.849411,0.86704,-2.05409,6.17883,0.854749,,,,,3.61
push,active,,,backward,75,3,False,7.535,56.5923,,0.987767,37.0304,1,3,2.60861,1.59287,634.17,53.5277,87.5058,127.575,1.20383,66.7013,1.12598,14.7134,1.52282,1.68983,177.114,0.617395,10.8536,6.25078,0.240345,8.66557,0.320152,0.679662,0.705004,-3.66035,0.789771,0.84877,-7.20146,5.97162,0.768764,,,,,3.035
push,active,,,forward,75,1,False,6.64,,,,41.219,1,2,,,,,,,,,,,,,,,,,,,,,,,,,,,0.76559,,,,,2.14
push,active,,,forward,75,2,False,6.605,,,,41.3432,1,2,,,,,,,,,,,,,,,,,,,,,,,,,,,0.75941,,,,,2.105
push,active,,,forward,75,3,False,5.625,,,,51.1031,1,1,,,,,,,,,,,,,,,,,,,,,,,,,,,0.623949,,,,,1.125
push,active,,,backward,100,1,False,6.785,,,,43.8936,1,2,,,,,,,,,,,,,,,,,,,,,,,,,,,0.692538,,,,,2.285
push,active,,,backward,100,2,False,7.695,,,,40.2473,1,2,,,,,,,,,,,,,,,,,,,,,,,,,,,0.733441,,,,,3.195
push,active,,,backward,100,3,False,8.785,60.1919,,0.814147,30.5078,1,3,3.47919,3.26038,530.262,56.0584,82.0506,141.229,1.36773,61.7893,1.17948,26.7355,0.418455,0.543512,271.64,4.16334,4.34609,36.5138,0.0545374,4.36559,0.24069,0.585608,0.642465,-9.2596,0.84356,0.8933,-5.72765,6.30104,0.852058,,,,,4.285
push,active,,,forward,100,1,False,6.335,,,,44.7055,1,1,,,,,,,,,,,,,,,,,,,,,,,,,,,0.725826,,,,,1.835
push,active,,,forward,100,2,False,5.555,,,,51.4104,1,1,,,,,,,,,,,,,,,,,,,,,,,,,,,0.622402,,,,,1.055
push,active,,,forward,100,3,False,5.295,,,,55.9759,1,1,,,,,,,,,,,,,,,,,,,,,,,,,,,0.555935,,,,,0.795
push,active,,,backward,150,1,False,7.9,44.0251,,0.760881,39.069,1,4,2.63218,2.45155,351.31,40.3046,63.2324,88.3371,0.924758,65.4521,0.672816,19.2302,2.03258,1.54528,436.937,16.8502,42.0547,56.0342,0.602829,10.7851,0.405144,0.504507,0.650427,-25.269,0.567163,0.955474,-51.0051,6.7951,0.755541,,,,,3.4
push,active,,,backward,150,2,False,5.915,,,,58.0312,1,1,,,,,,,,,,,,,,,,,,,,,,,,,,,0.515387,,,,,1.415
push,active,,,backward,150,3,False,6.46,,,,59.4524,1,1,,,,,,,,,,,,,,,,,,,,,,,,,,,0.504631,,,,,1.96
push,active,,,forward,150,1,False,5.535,,,,52.1007,1,1,,,,,,,,,,,,,,,,,,,,,,,,,,,0.621571,,,,,1.035
push,active,,,forward,150,2,False,5.25,,,,55.841,1,1,,,,,,,,,,,,,,,,,,,,,,,,,,,0.558604,,,,,0.75
push,active,,,forward,150,3,False,5.21,,,,56.7328,1,1,,,,,,,,,,,,,,,,,,,,,,,,,,,0.545698,,,,,0.71
speed15,healthy,,,,,1,True,10,49.9788,124.006,1.45456,0.587953,0,4,3.47392,3.52124,1111.79,55.0365,75.4948,124.006,1.27206,60.3874,1.86116,1.57846,0.0297556,0.0327894,51.0084,0.36151,0.124119,5.64322,0.00620704,0.315431,0.01944,0.888744,0.886476,0.255562,0.768173,0.768982,-0.105313,5.87953,1.42653,0,0,0,0,
speed15,healthy,,,,,2,True,10,54.3232,127.1,1.49545,0.61569,0,4,5.28372,5.35642,1158.75,58.0584,76.0061,127.1,1.25822,59.8212,1.89211,5.11993,0.150044,0.131015,116.594,0.152839,0.459519,9.81117,0.00994055,0.876104,0.0395139,0.892476,0.888901,0.401368,0.752739,0.755798,-0.405462,6.1569,1.44404,0,0,0,0,
speed15,healthy,,,,,3,True,10,57.1271,127.035,1.47439,0.597927,0,4,6.04538,6.04315,1076.02,56.3902,75.1375,127.035,1.26104,60.6301,1.86251,1.64621,0.137846,0.172156,80.0506,0.730626,0.255988,10.2152,0.0112209,0.70003,0.0351042,0.890594,0.884863,0.645627,0.764555,0.765475,-0.120285,5.97927,1.43462,0,0,0,0,
speed15,none,,,,,1,True,10,62.4663,155.251,1.50972,8.48066,0,5,-5.72383,-8.37624,1129.66,54.5951,69.4506,155.251,1.20099,62.3562,1.67047,12.3903,0.25376,6.11377,87.9793,19.2451,6.05156,32.7149,0.21078,13.2187,0.641384,0.867805,0.942178,-8.21817,0.726692,0.780582,-7.15066,6.462,1.43629,0,0,0,0,
speed15,none,,,,,2,True,10,58.6405,151.965,1.53989,0.736484,0,5,-3.29781,-5.57975,1200.89,57.7569,73.5795,151.965,1.21295,61.2582,1.77974,8.72583,0.35158,5.17681,83.8779,5.86181,0.977853,31.0307,0.139065,7.86385,0.421371,0.892563,0.903877,-1.25956,0.734291,0.732883,0.19203,6.62647,1.49041,0,0,0,0,
speed15,none,,,,,3,True,10,47.6897,143.161,1.43261,9.27137,0,4,-7.00391,-6.83094,1152.6,62.9423,77.9509,143.161,1.31962,58.9199,1.90568,1.94556,0.525785,0.507366,65.2619,1.02345,0.684708,14.8129,0.0121525,0.481472,0.0252003,0.887279,0.901983,-1.64353,0.777554,0.784751,-0.921385,6.1415,1.38715,0,0,0,0,
speed15,passive,,,,,1,True,9.995,58.096,283.194,1.38201,13.5919,0,5,0.164749,5.28266,578.212,61.4657,83.9831,139.674,1.3168,55.3227,1.83393,3.08643,0.154785,0.147651,118.797,0.928664,1.91716,31.3249,0.0365558,0.96712,0.0279004,0.790181,0.91557,-14.7019,0.728765,0.794947,-8.68698,6.75261,1.34865,16.3463,-16.5918,565.192,40.4168,
speed15,passive,,,,,2,True,10,41.6749,325.019,1.44536,0.580796,0,6,-0.987758,-0.750415,554.64,54.2079,77.0721,126.074,1.25015,59.5662,1.81542,2.45474,0.37353,0.260646,238.78,2.31069,0.536301,9.41134,0.0531229,2.18898,0.0346544,0.861126,0.877079,-1.83566,0.744575,0.745966,-0.18668,5.80796,1.42761,14.3074,-14.4113,319.305,46.2847,
speed15,passive,,,,,3,True,10,48.5202,347.642,1.31046,15.2638,0,5,-0.550172,3.05513,651.381,59.8983,84.4817,130.923,1.3631,59.2342,1.77706,8.29846,0.0452721,3.08334,134.697,4.42972,4.39785,15.9258,0.0453139,3.37575,0.132224,0.845339,0.865334,-2.33764,0.807554,0.822577,-1.8432,6.25877,1.31113,16.8832,-17.1408,479.947,46.4943,
speed15,active,,,,,1,True,10,54.2683,153.774,1.50635,0.759982,0,4,4.41918,4.48713,1250.39,59.9385,70.7003,150.248,1.29292,57.5567,1.96071,2.18912,0.131389,0.061345,61.7493,0.938821,1.12057,5.15639,0.027384,0.370599,0.0215824,0.938413,0.887924,5.52901,0.744141,0.746353,-0.296766,6.17911,1.45916,4.33143,-5.786,140.448,13.6049,
speed15,active,,,,,2,True,10,52.1284,139.754,1.47793,0.681846,0,5,2.35958,2.42965,1177.44,57.7692,72.5405,139.754,1.27982,60.2685,1.8983,1.35289,0.123295,0.105101,34.2329,0.493244,0.584338,4.77281,0.00806225,0.799912,0.0275063,0.903039,0.89818,0.539557,0.771364,0.731035,5.3686,6.27687,1.44534,4.94437,-4.79451,127.152,13.5982,
speed15,active,,,,,3,True,10,52.4833,163.301,1.47677,0.60997,0,4,4.76492,4.63802,1098.73,56.472,72.7771,162.855,1.27901,61.1839,1.88952,2.54446,0.225388,0.316725,75.8052,0.756549,0.361072,1.98252,0.016816,1.07375,0.0500562,0.925577,0.89968,2.83767,0.782428,0.754387,3.64933,6.0997,1.4449,4.52785,-5.20278,139.867,13.6039,
