percent,hip_flexion_mean,hip_flexion_sd,knee_flexion_mean,knee_flexion_sd,ankle_angle_mean,ankle_angle_sd,ankle_moment_mean,ankle_moment_sd,vertical_grf_mean,vertical_grf_sd,shank_gyro_mean,shank_gyro_sd
0,38.8986,0.154182,3.61637,0.0221968,0.360265,0.272114,0.0109243,0.000899436,0.05,1.45166e-15,-61.243,0.44106
1,37.8585,0.153564,4.00883,0.0196385,-2.55816,0.308645,0.109239,0.00109374,0.384346,0.00716023,-82.5292,1.27003
2,37.0928,0.158385,4.33745,0.0259376,-10.3668,0.38695,0.145876,0.00179535,0.365936,0.00576594,-53.9498,1.16496
3,36.8673,0.167174,5.02222,0.0195162,-19.9824,0.145033,0.16266,0.0103248,0.888637,0.07282,-122.69,10.2225
4,37.7729,0.158302,8.72214,0.0435704,-16.5598,0.127516,0.0337525,0.000771553,1.55368,0.0223955,-252.422,2.28214
5,39.9927,0.174768,13.9158,0.0387875,-12.0328,0.105413,0.081554,0.00243447,1.02642,0.016484,-272.331,1.08074
6,42.5976,0.197193,19.3994,0.0353089,-7.87106,0.0913592,0.115745,0.000931571,0.582519,0.0165962,-246.599,0.93126
7,44.3067,0.234957,23.57,0.079187,-4.48847,0.0796886,0.127961,0.00983532,0.480933,0.0221438,-193.125,1.95429
8,44.7573,0.273207,25.8536,0.132949,-2.84269,0.034639,0.131002,0.00375404,0.533638,0.0249204,-130.017,1.3375
9,44.1704,0.286882,26.661,0.17419,-1.60975,0.0148378,0.108852,0.00425495,0.715479,0.0254149,-102.135,1.98458
10,43.1221,0.288804,26.7569,0.20667,-0.457893,0.042378,0.0481664,0.00297654,0.855873,0.0155791,-86.5483,1.76965
11,42.0771,0.281306,26.7284,0.232501,0.615364,0.0505702,-0.000478857,0.00385049,0.906827,0.00671172,-83.8841,1.68626
12,41.1815,0.281712,26.7571,0.265141,1.62746,0.0634812,-0.045004,0.00316391,0.91424,0.00422001,-80.3058,1.59388
13,40.3866,0.291149,26.7756,0.299928,2.52525,0.0762912,-0.0833819,0.0027623,0.925643,0.00400975,-74.9303,1.33161
14,39.6203,0.30825,26.7052,0.331776,3.35342,0.088987,-0.118253,0.00168725,0.948959,0.00381017,-68.1381,0.944142
15,38.8324,0.329286,26.5017,0.355741,4.11652,0.100292,-0.152299,0.00115676,0.977498,0.00358638,-61.2909,0.496599
16,37.9985,0.352636,26.1597,0.370509,4.82341,0.108733,-0.182818,0.000518378,0.998062,0.005357,-55.2685,0.0851974
17,37.1026,0.379533,25.6965,0.379897,5.4679,0.115932,-0.213078,0.000671714,1.01152,0.00675332,-50.6717,0.192224
18,36.1344,0.409213,25.1367,0.386698,6.04942,0.121238,-0.241461,0.00140897,1.01459,0.00803008,-47.2037,0.35104
19,35.0814,0.440983,24.4888,0.392326,6.56651,0.12384,-0.269499,0.00245062,1.00902,0.00768522,-44.3223,0.4321
20,33.928,0.47288,23.7581,0.397253,7.02436,0.125259,-0.297492,0.003395,0.997228,0.00822744,-42.1811,0.478464
21,32.6758,0.503857,22.9536,0.401874,7.42551,0.125867,-0.325231,0.00450695,0.977976,0.00820127,-40.3219,0.50877
22,31.3274,0.531944,22.0789,0.405491,7.77186,0.125562,-0.353253,0.00554424,0.953865,0.0081627,-38.5643,0.524424
23,29.8888,0.556491,21.1358,0.408285,8.06574,0.124478,-0.381428,0.00654833,0.926776,0.00795743,-36.8109,0.520921
24,28.3688,0.578492,20.1256,0.411619,8.311,0.123421,-0.409991,0.00754938,0.898557,0.00762726,-35.0157,0.495492
25,26.7784,0.597704,19.0507,0.415571,8.51229,0.122303,-0.439464,0.00870468,0.871196,0.0070459,-33.1283,0.461612
26,25.1263,0.61441,17.9104,0.420355,8.67257,0.121474,-0.471004,0.0100268,0.846809,0.00626074,-31.0867,0.420932
27,23.4183,0.630072,16.7017,0.427382,8.79351,0.12177,-0.505358,0.0113931,0.826934,0.005412,-28.8787,0.374008
28,21.6581,0.645707,15.4209,0.437887,8.87812,0.123392,-0.542517,0.0127032,0.812264,0.00458477,-26.4925,0.338306
29,19.8457,0.6618,14.0613,0.452543,8.92921,0.126595,-0.582286,0.0139138,0.803087,0.00388152,-23.8444,0.369645
30,17.975,0.679379,12.6097,0.472892,8.946,0.132549,-0.624348,0.0149663,0.798927,0.00337117,-20.6995,0.552427
31,16.0321,0.702194,11.0426,0.50429,8.92075,0.143884,-0.66798,0.015808,0.798232,0.00293443,-16.7298,0.910836
32,13.9936,0.732215,9.32516,0.549815,8.83819,0.162808,-0.71231,0.0163547,0.799044,0.00238313,-11.5547,1.42557
33,11.8241,0.769681,7.40767,0.610503,8.67354,0.191288,-0.756354,0.016599,0.798611,0.00185682,-4.77506,2.04594
34,9.51152,0.769369,5.2863,0.604031,8.43136,0.17409,-0.804829,0.024515,0.783044,0.0115987,-5.0611,8.55106
35,7.41935,0.600925,3.59951,0.329626,8.39536,0.0980324,-0.877266,0.0258789,0.774322,0.00855296,-34.0471,7.15156
36,5.71925,0.507793,2.62164,0.194046,8.59075,0.0759324,-0.947378,0.0257685,0.795128,0.00685245,-50.9923,3.04889
37,4.14166,0.462203,1.93032,0.142803,8.93388,0.0832329,-1.0183,0.0272409,0.811514,0.00748061,-58.9112,1.57279
38,2.57215,0.433417,1.35942,0.12178,9.38339,0.0998394,-1.09336,0.0291311,0.829936,0.00875884,-64.6033,0.91311
39,0.993242,0.412446,0.887546,0.112188,9.91295,0.11179,-1.17358,0.0300751,0.852188,0.00925964,-70.8295,0.506314
40,-0.564636,0.393731,0.547014,0.104595,10.519,0.117833,-1.25625,0.0307046,0.87809,0.00923271,-78.1462,0.337672
41,-1.90013,0.371101,0.448151,0.0954935,11.261,0.120392,-1.34484,0.0313136,0.921062,0.0086347,-81.9595,0.0280801
42,-3.15784,0.363519,0.393092,0.096253,11.9954,0.121486,-1.42472,0.0311333,0.943644,0.00678695,-80.8151,0.0867112
43,-4.51751,0.360404,0.254475,0.09856,12.632,0.12688,-1.49929,0.0305637,0.952464,0.00602735,-80.6114,0.236652
44,-5.99626,0.357072,0.06062,0.100279,13.1518,0.137818,-1.56392,0.0274437,0.952711,0.00620373,-82.7132,0.442195
45,-7.55269,0.352899,-0.108917,0.0986305,13.5773,0.151174,-1.61543,0.022364,0.957845,0.0108748,-88.0091,0.67668
46,-9.12724,0.348701,-0.168364,0.0965837,13.9346,0.168841,-1.65143,0.0164409,0.973978,0.00909402,-95.2204,0.758228
47,-10.6937,0.345803,-0.086178,0.0952732,14.2251,0.190837,-1.67041,0.0107045,0.983159,0.0059399,-102.387,0.725488
48,-12.2682,0.344755,0.0988208,0.0915435,14.4176,0.218567,-1.67135,0.004906,0.982182,0.00261878,-107.177,0.58295
49,-13.8733,0.344204,0.340134,0.0855539,14.488,0.251049,-1.6565,0.000539196,0.970153,0.000671107,-111.428,0.554096
50,-15.5029,0.341929,0.638324,0.0778338,14.4328,0.286574,-1.62823,0.0052746,0.950264,0.00309972,-115.898,0.577902
51,-17.0228,0.336198,1.09384,0.0682315,14.2495,0.322349,-1.58465,0.00894273,0.924474,0.00508787,-122.445,0.668794
52,-18.139,0.319311,1.90003,0.0644426,13.9887,0.354988,-1.53042,0.0115347,0.89724,0.00598806,-128.29,0.72844
53,-18.8548,0.296075,2.9734,0.0702077,13.6748,0.385004,-1.47148,0.0135212,0.864667,0.00648981,-129.798,0.717054
54,-18.9168,0.296511,4.42857,0.0683397,13.2402,0.405286,-1.39093,0.013306,0.835712,0.00692365,-127.826,0.858214
55,-18.0101,0.278897,6.60198,0.12887,12.7289,0.403844,-1.29665,0.0111576,0.718325,0.00714402,-155.07,3.72519
56,-16.3139,0.248546,9.91365,0.234381,12.2138,0.406825,-1.17162,0.0134663,0.644356,0.00829933,-184.056,4.14234
57,-14.4016,0.207545,13.9799,0.346731,11.3655,0.422168,-0.996009,0.0178755,0.538878,0.0103629,-211.526,4.27082
58,-12.34,0.151888,18.7742,0.465259,10.0474,0.461169,-0.790917,0.0228809,0.420601,0.0124521,-237.004,3.64599
59,-9.9938,0.0912419,24.3028,0.582704,8.11067,0.540959,-0.566195,0.0280927,0.300192,0.0141359,-254.035,1.80214
60,-7.22703,0.0810932,30.4352,0.655132,5.39525,0.664719,-0.343652,0.0237917,0.185429,0.0131762,-255.686,1.04461
61,-4.03733,0.11545,36.8343,0.668978,1.66955,0.832046,-0.176104,0.0226485,0.0977632,0.010281,-234.957,4.1703
62,-0.560693,0.147727,43.0434,0.62497,-3.18065,1.01185,-0.0208232,0.0174536,0.0299417,0.00788513,-196.141,6.34059
63,3.00355,0.156395,48.7002,0.534062,-8.44133,0.965066,0.0616752,0.00917283,0.000163946,0.000176311,-149.846,6.26705
64,6.5333,0.151034,53.7214,0.477074,-11.7897,0.327464,0.0888264,0.00236593,0,0,-115.542,1.78151
65,10.0105,0.147874,58.2985,0.444228,-11.6893,0.398519,0.0341782,0.0131308,0,0,-89.221,4.13749
66,13.478,0.147102,62.4379,0.387567,-10.4304,0.38566,0.0234245,0.00350909,0,0,-54.5456,4.43044
67,16.9174,0.133105,66.095,0.327374,-8.95325,0.437347,0.0214772,0.00245718,0,0,-20.183,4.61342
68,20.2851,0.114745,69.2259,0.258858,-7.37439,0.317199,-0.0116815,0.0174242,0,0,18.0716,6.87014
69,23.5607,0.0870414,71.7546,0.16893,-6.80042,0.058946,0.0298141,0.00716929,0,0,57.7424,3.96892
70,26.6665,0.0622604,73.6692,0.0761462,-6.00325,0.132493,0.0110815,0.0028501,0,0,94.1214,5.31242
71,29.585,0.0603505,74.947,0.0211621,-5.28888,0.120856,0.0158035,0.00162914,0,0,130.147,4.61922
72,32.2949,0.0866946,75.59,0.103563,-4.59629,0.112753,0.0145632,0.000582808,0,0,164.53,4.3943
73,34.7852,0.126616,75.6092,0.195353,-3.97641,0.116728,0.0146725,0.000132666,0,0,196.738,3.99406
74,37.0458,0.168164,75.0171,0.281296,-3.42883,0.123634,0.0149579,0.000154584,0,0,226.591,3.59209
75,39.0686,0.207735,73.8293,0.358207,-2.96363,0.13711,0.015378,0.000123814,0,0,253.866,3.20866
76,40.8499,0.248352,72.0724,0.436075,-2.58594,0.15356,0.0159922,0.000130406,0,0,278.464,2.78954
77,42.3854,0.287901,69.7725,0.509903,-2.29949,0.173075,0.0167374,0.000135727,0,0,300.255,2.35148
78,43.6711,0.321738,66.9589,0.570856,-2.10555,0.196166,0.0176014,0.000149007,0,0,319.064,1.93031
79,44.7065,0.353527,63.6684,0.626304,-2.00186,0.220187,0.0185424,0.000174547,0,0,334.727,1.48495
80,45.494,0.383868,59.9419,0.678386,-1.98439,0.24403,0.0197114,0.000242329,0,0,348.172,1.30979
81,46.024,0.412027,55.7867,0.726502,-2.05268,0.268608,0.0212839,0.000269546,0,0,360.821,1.23193
82,46.2797,0.437442,51.1989,0.769442,-2.19794,0.292809,0.0227732,0.000299687,0,0,372.346,1.1187
83,46.2475,0.464145,46.1908,0.812403,-2.40658,0.314852,0.021132,0.0030005,0,0,382.199,0.891859
84,45.925,0.477462,40.7894,0.841991,-2.74244,0.325564,0.0296347,0.000868533,0,0,389.753,0.706107
85,45.3773,0.448277,35.0632,0.844195,-3.06412,0.344325,0.0279577,0.00020021,0,0,395.782,0.565482
86,44.6472,0.422625,29.0741,0.839868,-3.41237,0.34457,0.0301148,0.000207025,0,0,398.169,0.366687
87,43.7104,0.398709,22.8893,0.823008,-3.69064,0.330896,0.0290179,0.00019014,0,0,395.703,0.997462
88,42.5816,0.370463,16.6084,0.787555,-3.8976,0.321056,0.0281589,0.000149914,0,0,387.44,1.93782
89,41.2914,0.341048,10.3652,0.736358,-4.01366,0.320093,0.0260808,0.000239759,0,0,370.988,2.84468
90,39.9662,0.262349,4.50946,0.553197,-3.85425,0.390953,-0.00189952,0.013496,0,0,292.228,29.6396
91,39.8608,0.10066,2.03967,0.0665314,-2.52063,0.386762,-0.046593,0.0106863,0,0,110.128,10.0169
92,40.4995,0.112358,1.76405,0.0508327,-1.95946,0.349555,0.000618051,0.000683628,0,0,50.8494,2.92077
93,41.1215,0.123239,2.00747,0.0701258,-1.35512,0.340014,0.000521676,0.000612722,0,0,28.1096,0.65379
94,41.5271,0.12877,2.3214,0.0650749,-0.837665,0.32502,0.0020513,4.87515e-05,0,0,13.3577,0.381338
95,41.6817,0.13374,2.62062,0.0570319,-0.395354,0.30969,0.00213809,0.000177866,0,0,0.404471,0.379345
96,41.5934,0.138638,2.88948,0.0487084,-0.0505786,0.296118,0.00262171,0.000112335,0,0,-11.9588,0.504224
97,41.2719,0.145468,3.12305,0.0409479,0.197935,0.284824,0.00295902,0.000100991,0,0,-24.0722,0.658994
98,40.7209,0.153189,3.3199,0.0345439,0.353451,0.277154,0.00317938,9.05621e-05,0,0,-36.1103,0.801175
99,39.9455,0.159623,3.48397,0.0303154,0.418882,0.273398,0.00372336,0.000104953,0,0,-48.0751,0.899968
100,38.9629,0.166217,3.62728,0.0266771,0.360061,0.275834,0.0109359,0.000993297,0.05,2.10226e-15,-61.972,0.796419
