subject,sign,lag_ms,r,gain,used
AB06,1,-2.1,0.978,0.948,1
AB07,-1,-19.0,0.961,1.064,1
AB08,-1,-15.7,0.975,1.027,1
AB09,-1,-14.4,0.930,1.055,1
AB10,-1,-50.0,0.218,0.953,0
AB11,-1,-17.9,0.969,1.027,1
AB12,-1,-11.9,0.957,0.964,1
AB13,-1,-50.0,0.088,0.947,0
AB14,-1,-12.8,0.972,0.987,1
AB15,-1,-19.7,0.966,1.027,1
AB16,1,-2.2,0.985,1.003,1
AB17,-1,-18.9,0.971,1.032,1
AB18,-1,-14.2,0.959,1.089,1
AB19,-1,-16.2,0.969,0.992,1
AB20,-1,-17.2,0.971,1.095,1
AB21,-1,-18.3,0.969,1.088,1
AB23,-1,-17.5,0.958,0.965,1
AB24,-1,-13.1,0.977,1.015,1
AB25,-1,-17.7,0.948,0.990,1
AB27,-1,-14.9,0.973,0.965,1
AB28,-1,-18.3,0.954,1.004,1
AB30,-1,-15.1,0.973,1.027,1
