# Normative treadmill walking at 1.20 m/s, right leg, mean and SD across 22 subjects
# (568 strides in total). Subjects: AB06 AB07 AB08 AB09 AB10 AB11 AB12 AB13 AB14 AB15 AB16 AB17 AB18 AB19 AB20 AB21 AB23 AB24 AB25 AB27 AB28 AB30.
# Subjects per variable where fewer (IMU rejected by dropfoot.camargo.align_gyro): shank_gyro 20.
# Heel strike and toe-off: right belt vertical force crossing 5% of body weight.
# shank_gyro: shank_Gyro_Y with its sign and time offset calibrated against IK per subject.
# Units: hip_flexion deg, knee_flexion deg, ankle_angle deg, ankle_moment N m/kg, vertical_grf BW, shank_gyro deg/s; percent of the gait cycle.
# Signs: hip flexion +, knee flexion +, ankle dorsiflexion +, dorsiflexing ankle moment +.
# Source: Camargo J, Ramanathan A, Flanagan W, Young A (2021). A comprehensive, open-source dataset of lower limb biomechanics in multiple conditions of stairs, ramps, and level-ground ambulation and transitions. Journal of Biomechanics 119:110320. doi:10.1016/j.jbiomech.2021.110320. Data CC BY 4.0.
# Aggregated by dropfoot.camargo (this repository); no per-subject data are included.
percent,hip_flexion_mean,hip_flexion_sd,knee_flexion_mean,knee_flexion_sd,ankle_angle_mean,ankle_angle_sd,ankle_moment_mean,ankle_moment_sd,vertical_grf_mean,vertical_grf_sd,shank_gyro_mean,shank_gyro_sd
0,19.518,7.2478,14.587,4.0344,3.3933,2.3293,0.081832,0.038811,0.046127,0.0053986,-97.586,52.005
1,19.563,7.3501,15.785,4.1587,2.2182,2.3507,0.10084,0.050703,0.54085,0.14434,-151.28,31.273
2,19.619,7.4417,17.091,4.3276,1.0907,2.3669,0.11124,0.062497,0.39944,0.07586,-152.8,40.159
3,19.638,7.5218,18.49,4.5445,0.25166,2.3842,0.1095,0.07286,0.57581,0.1014,-171.07,47.985
4,19.62,7.6053,19.916,4.7804,-0.19131,2.386,0.094616,0.081758,0.60603,0.10239,-157.13,26.167
5,19.492,7.6523,21.31,5.0167,-0.17545,2.3914,0.067494,0.089462,0.6722,0.10374,-161.05,35.903
6,19.263,7.684,22.594,5.2335,0.23879,2.3913,0.030544,0.096124,0.78008,0.080368,-154.77,26.1
7,18.901,7.6944,23.706,5.4163,0.97511,2.3954,-0.013064,0.10188,0.83294,0.088069,-136.07,21.767
8,18.414,7.6836,24.602,5.5601,1.935,2.4056,-0.060212,0.10711,0.90137,0.092863,-124.83,15.592
9,17.806,7.6699,25.264,5.6751,3.0215,2.4181,-0.10817,0.11227,0.97508,0.085674,-110.09,15.572
10,17.097,7.6618,25.697,5.7615,4.1482,2.4305,-0.15495,0.11767,1.0286,0.089917,-97.152,13.201
11,16.305,7.6572,25.924,5.83,5.2677,2.4419,-0.19947,0.12345,1.0665,0.079213,-88.261,13.667
12,15.448,7.6624,25.969,5.8765,6.3299,2.4538,-0.24137,0.12956,1.0926,0.073081,-78.114,11.047
13,14.525,7.6769,25.856,5.9103,7.3274,2.4627,-0.2808,0.13581,1.1056,0.069742,-70.712,9.7189
14,13.555,7.6938,25.614,5.9283,8.2375,2.4692,-0.31806,0.14198,1.0989,0.066145,-65.707,13.471
15,12.54,7.7188,25.263,5.9277,9.0655,2.468,-0.35339,0.14785,1.0884,0.063835,-59.706,11.515
16,11.489,7.7421,24.822,5.9106,9.8095,2.4604,-0.38693,0.15334,1.0709,0.062527,-54.413,9.49
17,10.411,7.7631,24.306,5.8821,10.479,2.4479,-0.41876,0.15845,1.0435,0.061845,-51.31,8.1007
18,9.311,7.7781,23.723,5.8392,11.085,2.4321,-0.44896,0.16333,1.0123,0.061611,-48.061,10.613
19,8.1838,7.7848,23.085,5.7787,11.629,2.4169,-0.47772,0.16815,0.98251,0.061571,-44.605,9.7402
20,7.0408,7.7729,22.395,5.7138,12.123,2.3965,-0.50532,0.17303,0.94896,0.059998,-40.623,9.251
21,5.8823,7.7592,21.667,5.6377,12.577,2.3784,-0.53213,0.17798,0.91574,0.057605,-37.448,10.222
22,4.712,7.7325,20.91,5.5467,12.997,2.3623,-0.55856,0.18292,0.88714,0.05387,-35.195,11.747
23,3.5251,7.702,20.132,5.4437,13.391,2.3518,-0.58503,0.18769,0.86163,0.052937,-34.497,11.484
24,2.325,7.6657,19.343,5.3423,13.768,2.3411,-0.61193,0.19215,0.83698,0.051,-34.055,11.679
25,1.1156,7.6344,18.557,5.2362,14.132,2.3373,-0.63967,0.19618,0.82024,0.050912,-34.376,11.849
26,-0.099138,7.6056,17.78,5.1268,14.493,2.336,-0.66859,0.19964,0.80589,0.052681,-35.368,12.122
27,-1.3175,7.5776,17.023,5.0204,14.856,2.3389,-0.69898,0.20244,0.7965,0.053293,-36.365,12.76
28,-2.5348,7.5471,16.285,4.9168,15.227,2.3463,-0.73115,0.20447,0.79362,0.054665,-38.389,12.872
29,-3.7461,7.5179,15.58,4.8242,15.61,2.3597,-0.76535,0.2057,0.79365,0.057978,-40.229,13.061
30,-4.9534,7.4841,14.911,4.7354,16.005,2.3812,-0.80185,0.20616,0.79854,0.058895,-41.875,12.544
31,-6.1524,7.458,14.274,4.6602,16.412,2.4117,-0.84086,0.20593,0.80752,0.059824,-45.215,12.629
32,-7.343,7.4318,13.682,4.5853,16.825,2.4479,-0.88249,0.20511,0.82012,0.061516,-47.723,11.666
33,-8.5332,7.4101,13.125,4.5282,17.247,2.4917,-0.92676,0.20382,0.83542,0.062331,-50.609,11.286
34,-9.71,7.3985,12.614,4.4751,17.671,2.5365,-0.97356,0.20223,0.85322,0.062422,-53.832,11.02
35,-10.887,7.3817,12.151,4.4249,18.097,2.5839,-1.0227,0.20048,0.87393,0.062724,-57.299,10.862
36,-12.051,7.3675,11.742,4.3815,18.518,2.6359,-1.074,0.19871,0.89619,0.062102,-60.809,10.987
37,-13.202,7.3444,11.394,4.335,18.936,2.6823,-1.127,0.19698,0.91997,0.061246,-64.764,11.573
38,-14.343,7.3208,11.117,4.293,19.343,2.7277,-1.1812,0.19522,0.94488,0.060667,-69.503,12.71
39,-15.466,7.2793,10.921,4.2442,19.733,2.7652,-1.2359,0.1933,0.97041,0.059883,-74.741,13.909
40,-16.539,7.2404,10.827,4.1972,20.1,2.7962,-1.2902,0.19103,0.99636,0.060204,-80.762,14.857
41,-17.562,7.1929,10.845,4.1519,20.443,2.8168,-1.343,0.18819,1.0221,0.060037,-87.924,15.133
42,-18.521,7.1516,10.989,4.1146,20.742,2.8257,-1.3931,0.18456,1.0473,0.062084,-95.603,15.076
43,-19.398,7.1176,11.271,4.0827,20.987,2.8212,-1.439,0.17999,1.0686,0.064093,-103.54,14.955
44,-20.164,7.091,11.7,4.0539,21.164,2.809,-1.4786,0.17442,1.086,0.06317,-112.04,14.524
45,-20.84,7.074,12.277,4.0275,21.265,2.7783,-1.5097,0.16808,1.0966,0.061156,-120.65,14.363
46,-21.396,7.0663,13.008,4.0075,21.252,2.7455,-1.5298,0.16151,1.1016,0.060226,-129.33,14.446
47,-21.85,7.0731,13.903,3.9921,21.114,2.7047,-1.5357,0.15564,1.0993,0.056993,-137.96,14.795
48,-22.182,7.0927,14.976,3.983,20.811,2.6772,-1.5241,0.15158,1.0868,0.053448,-146.55,15.308
49,-22.384,7.1022,16.245,3.9637,20.32,2.6333,-1.4918,0.15032,1.0638,0.0535,-154.86,15.825
50,-22.432,7.1091,17.744,3.9355,19.604,2.6055,-1.4356,0.15223,1.0284,0.053801,-162.53,16.229
51,-22.314,7.1706,19.487,3.9397,18.598,2.6546,-1.3536,0.15668,0.97757,0.058261,-169.73,16.716
52,-22.02,7.2168,21.494,3.9308,17.265,2.7433,-1.2451,0.1621,0.90843,0.066181,-175.49,16.897
53,-21.571,7.3002,23.761,3.9587,15.553,2.9156,-1.1119,0.16634,0.81545,0.077273,-180.06,17.003
54,-20.967,7.3555,26.275,3.9968,13.439,3.1387,-0.95863,0.16729,0.7054,0.08946,-181.3,15.379
55,-20.172,7.4161,29.038,4.0371,10.943,3.3875,-0.79226,0.16318,0.57995,0.099149,-178.14,14.903
56,-19.177,7.4666,32.019,4.0736,8.1285,3.6486,-0.62189,0.15297,0.44515,0.10448,-173.27,16.72
57,-17.967,7.4992,35.181,4.0926,5.088,3.9049,-0.45766,0.13665,0.3128,0.099063,-170.42,17.614
58,-16.541,7.5268,38.475,4.0937,1.9736,4.1645,-0.30918,0.11539,0.20217,0.07811,-169.64,21.5
59,-14.914,7.5433,41.841,4.0735,-1.0273,4.4412,-0.18392,0.091408,0.12249,0.058076,-167.27,26.741
60,-13.098,7.5509,45.224,4.0305,-3.7291,4.7576,-0.086004,0.067371,0.07015,0.038788,-159.2,28.166
61,-11.132,7.5492,48.559,3.9656,-5.9468,5.1071,-0.015904,0.04579,0.035869,0.02594,-144.04,28.232
62,-9.0485,7.5437,51.783,3.8825,-7.5504,5.453,0.029026,0.028663,0.015635,0.016537,-121.85,28.963
63,-6.8916,7.5306,54.833,3.7855,-8.4704,5.7371,0.053473,0.017713,0.0058144,0.0095056,-90.554,29.954
64,-4.7009,7.5128,57.65,3.6823,-8.712,5.9049,0.06287,0.014029,0.0023793,0.0055921,-59.696,32.545
65,-2.5122,7.4895,60.183,3.5816,-8.3525,5.9295,0.06242,0.014795,0.0011452,0.002914,-29.651,34.452
66,-0.35118,7.4604,62.39,3.4981,-7.5239,5.8111,0.056456,0.016099,0.0006268,0.0016349,2.6534,28.251
67,1.749,7.4302,64.237,3.4354,-6.3687,5.5813,0.048205,0.016788,0.0011084,0.0029938,33.892,24.954
68,3.7781,7.3947,65.708,3.4053,-5.0168,5.2724,0.039803,0.017024,0.00085013,0.0024236,63.619,24.494
69,5.7078,7.3621,66.792,3.4092,-3.5793,4.9253,0.032459,0.017108,0.0010252,0.0022688,90.804,25.527
70,7.5324,7.3327,67.491,3.4482,-2.1323,4.584,0.026699,0.017136,0.00088407,0.0019769,117.7,25.817
71,9.2467,7.3115,67.812,3.5205,-0.73243,4.2788,0.022607,0.017022,0.00069107,0.001541,142.85,25.922
72,10.844,7.2963,67.764,3.6165,0.58921,4.0251,0.020049,0.016692,0.00071293,0.001931,166.8,26.656
73,12.325,7.2839,67.365,3.7329,1.8152,3.8152,0.018797,0.016181,0.0010491,0.0026002,190.33,26.284
74,13.691,7.2785,66.626,3.8623,2.9381,3.6492,0.018623,0.015695,0.0007798,0.002238,213.96,26.38
75,14.941,7.2706,65.561,3.9953,3.9384,3.5171,0.019347,0.015573,0.00090887,0.0021329,236.23,25.858
76,16.084,7.2634,64.184,4.1279,4.8233,3.3874,0.020765,0.015896,0.00069498,0.0019705,256.9,24.847
77,17.113,7.2543,62.502,4.2516,5.5801,3.2621,0.022614,0.016382,0.00073951,0.0018792,276.35,23.778
78,18.036,7.2436,60.532,4.3634,6.2092,3.1337,0.024623,0.016692,0.0011642,0.0020964,294.44,22.401
79,18.844,7.237,58.282,4.457,6.7109,2.9976,0.026577,0.016676,0.00070521,0.0019967,310.11,20.614
80,19.544,7.2306,55.768,4.5291,7.0869,2.8584,0.028383,0.016534,0.00084764,0.0020997,324.51,18.886
81,20.12,7.2287,52.999,4.5745,7.3428,2.7173,0.03001,0.016677,0.00071641,0.0019693,336.97,17.478
82,20.581,7.2199,50,4.5888,7.481,2.5798,0.031378,0.017296,0.00096637,0.0021175,346.21,16.015
83,20.923,7.2173,46.788,4.5758,7.5101,2.4517,0.032302,0.018182,0.00088782,0.0025571,356.5,16.604
84,21.146,7.2098,43.393,4.527,7.4388,2.3448,0.032579,0.019006,0.00082101,0.0025698,362.3,17.664
85,21.254,7.2028,39.852,4.4498,7.2815,2.2728,0.032052,0.0196,0.00064847,0.0017261,365.47,19.066
86,21.262,7.1848,36.217,4.3439,7.0605,2.241,0.030655,0.020003,0.00093632,0.002731,363.36,22.359
87,21.171,7.169,32.547,4.2166,6.8004,2.2484,0.028359,0.020258,0.00083668,0.0020407,354.55,26.7
88,20.999,7.1411,28.918,4.069,6.5262,2.2947,0.025177,0.020365,0.00078707,0.001884,340.58,29.884
89,20.779,7.1173,25.423,3.9204,6.2687,2.3484,0.021223,0.020356,0.00083512,0.0021476,319.05,33.72
90,20.537,7.091,22.167,3.7829,6.0572,2.3966,0.016725,0.020213,0.00072793,0.0020607,288.3,36.033
91,20.29,7.0701,19.245,3.6683,5.9065,2.429,0.012053,0.019813,0.00075878,0.0019319,252.2,37.883
92,20.069,7.0393,16.756,3.5931,5.8291,2.4402,0.007792,0.019202,0.00078887,0.0022103,207.18,37.833
93,19.887,7.0285,14.769,3.5609,5.8119,2.4385,0.0047651,0.018756,0.0010029,0.0033248,153.86,37.019
94,19.757,7.0184,13.33,3.5693,5.8362,2.4219,0.0039835,0.019009,0.00088194,0.0029223,94.164,39.039
95,19.667,7.0207,12.457,3.6117,5.8466,2.3927,0.006458,0.020022,0.0013029,0.0037945,30.581,42.009
96,19.609,7.0325,12.106,3.671,5.7823,2.3614,0.013005,0.02131,0.0007119,0.0020317,-31.25,42.386
97,19.577,7.0678,12.227,3.7548,5.5605,2.3297,0.024198,0.022672,0.0010184,0.002732,-86.383,43.09
98,19.548,7.1062,12.744,3.8459,5.109,2.3052,0.040199,0.024981,0.0013534,0.0039817,-128.44,45.39
99,19.528,7.1589,13.57,3.9396,4.3893,2.3039,0.060316,0.030152,0.001397,0.0033997,-132.98,29.929
100,19.528,7.225,14.623,4.0456,3.4027,2.3289,0.082271,0.039363,0.04582,0.0058961,-97.781,51.617
