subject,used,gyro_r,feature,hs_n_true,hs_missed,hs_false,hs_error_mean_ms,hs_error_sd_ms,hs_error_mae_ms,hs_error_max_abs_ms,hs_latency_mean_ms,hs_latency_max_ms,to_n_true,to_missed,to_false,to_error_mean_ms,to_error_sd_ms,to_error_mae_ms,to_error_max_abs_ms,to_latency_mean_ms,to_latency_max_ms
AB06,1,0.9781,min,26,0,0,51.7,9.617,51.7,65.82,125.9,152.6,26,0,0,-47.04,9.037,47.04,61.34,-2.421,12.01
AB06,1,0.9781,zero,26,0,0,-29.25,6.295,29.25,43.86,-24.45,-8.733,26,0,0,-47.04,9.037,47.04,61.34,-2.421,12.01
AB07,1,0.9607,min,25,0,0,2.287,3.115,3.321,6.392,14.69,19.31,24,0,0,-16.33,5.019,16.33,24.43,0.7555,13.66
AB07,1,0.9607,zero,25,0,0,-35.82,3.277,35.82,43.76,-30.51,-23.95,24,0,0,-16.33,5.019,16.33,24.43,0.7555,13.66
AB08,1,0.9753,min,25,0,0,23.13,24.64,23.34,62.97,36.73,74.02,26,0,0,-28.52,7.556,28.52,39.9,2.638,27.67
AB08,1,0.9753,zero,25,0,0,-30.03,9.251,30.03,44.55,-24.87,-5.981,26,0,0,-28.52,7.556,28.52,39.9,2.638,27.67
AB09,1,0.9304,min,26,0,0,-5.214,8.785,7.271,32.65,6.325,18.76,26,5,5,-57.72,22.77,57.72,126.8,-35.34,-1.631
AB09,1,0.9304,zero,26,0,0,-36.05,7.279,36.05,56.74,-31.75,-16.55,26,6,6,-58.18,23.26,58.18,126.8,-35.68,-1.631
AB10,0,0.2177,,,,,,,,,,,,,,,,,,,
AB11,1,0.9687,min,27,1,1,1.41,20.92,19.18,30.73,17.95,41.3,26,0,0,-34.78,45.23,38.45,148.3,-15.55,23.93
AB11,1,0.9687,zero,27,1,1,-47.75,13.5,47.75,97.57,-43.21,-22.94,26,0,0,-34.78,45.23,38.45,148.3,-15.55,23.93
AB12,1,0.9566,min,26,0,0,0.8096,4.095,3.368,11.7,12.35,17.84,25,0,0,-37.2,34.41,41.78,143.8,-14.4,34.02
AB12,1,0.9566,zero,26,0,0,-28.25,5.666,28.25,43.28,-22.65,-6.957,25,0,0,-37.2,34.41,41.78,143.8,-14.4,34.02
AB13,0,0.08824,,,,,,,,,,,,,,,,,,,
AB14,1,0.9719,min,30,0,0,25.39,11.46,25.39,51.47,38.06,68.06,29,0,0,-40.22,18.17,41.62,59.87,-8.495,30.53
AB14,1,0.9719,zero,30,0,0,-26.51,3.711,26.51,34.71,-20.61,-12.17,29,0,0,-40.22,18.17,41.62,59.87,-8.495,30.53
AB15,1,0.9665,min,28,0,0,21.35,15.9,21.77,54.74,34.93,64.74,27,0,0,-29.48,21.56,33.64,54.51,-2.439,34.42
AB15,1,0.9665,zero,28,0,0,-36.15,8.996,36.15,54.43,-31.5,-11.85,27,0,0,-29.48,21.56,33.64,54.51,-2.439,34.42
AB16,1,0.985,min,27,0,0,49.19,3.032,49.19,54.09,91.05,100.6,26,0,0,-39,12.39,39,65.85,4.08,22.14
AB16,1,0.985,zero,27,0,0,-25.64,4.124,25.64,32.83,-20.81,-9.807,26,0,0,-39,12.39,39,65.85,4.08,22.14
AB17,1,0.9709,min,26,0,0,-2.436,9.776,5.95,43.22,12.18,93.22,27,0,0,-59.05,8.563,59.05,96.69,-37.57,-9.886
AB17,1,0.9709,zero,26,0,0,-39.82,5.388,39.82,46.77,-34.36,-16.78,27,0,0,-59.05,8.563,59.05,96.69,-37.57,-9.886
AB18,1,0.9585,min,26,0,0,-2.395,3.952,3.412,10.44,9.913,14.64,26,0,0,-25.88,16.26,25.88,83.27,1.432,11.78
AB18,1,0.9585,zero,26,0,0,-34.34,8.467,34.34,60.86,-29.7,-13.06,26,0,0,-25.88,16.26,25.88,83.27,1.432,11.78
AB19,1,0.9692,min,27,0,0,14.39,16.64,15.55,55.95,26.62,75.95,27,0,0,-60.45,17.38,60.45,80.29,-35.26,16.83
AB19,1,0.9692,zero,27,0,0,-26.29,8.815,26.29,44.94,-21.53,-2.657,27,0,0,-60.45,17.38,60.45,80.29,-35.26,16.83
AB20,1,0.9714,min,28,0,0,5.476,13.95,6.809,55.29,17.98,81.18,28,0,0,-38.88,6.292,38.88,50.76,-8.162,1.527
AB20,1,0.9714,zero,28,0,0,-31.04,7.058,31.04,44.98,-25.95,-10.59,28,0,0,-38.88,6.292,38.88,50.76,-8.162,1.527
AB21,1,0.9692,min,27,0,0,-1.594,5.003,3.68,18.21,11.74,21.99,27,0,0,-45.39,33.67,45.39,91.32,-19.09,7.532
AB21,1,0.9692,zero,27,0,0,-44.32,9.64,44.32,63.78,-40.11,-18.01,27,0,0,-45.39,33.67,45.39,91.32,-19.09,7.532
AB23,1,0.9583,min,26,0,0,9.594,5.016,9.785,18.86,22.29,35.42,26,0,0,-59.52,15.97,59.84,84.57,-32.22,14.11
AB23,1,0.9583,zero,26,0,0,-42.24,13.83,42.24,78.26,-35.79,-21.14,26,0,0,-59.52,15.97,59.84,84.57,-32.22,14.11
AB24,1,0.977,min,26,0,0,3.162,14.43,5.944,54.74,16.24,98.03,26,0,0,-59.17,14.26,59.17,77.7,-27.25,11.91
AB24,1,0.977,zero,26,0,0,-28.23,5.223,28.23,37.66,-22.22,-5.255,26,0,0,-59.17,14.26,59.17,77.7,-27.25,11.91
AB25,1,0.948,min,29,0,0,18.01,24.6,18.5,80.35,30.42,98.33,29,0,0,-26.93,23.13,32.34,59.73,-4.864,35.66
AB25,1,0.948,zero,29,0,0,-25.38,8.522,25.38,45.81,-21.3,0.6507,29,0,0,-26.93,23.13,32.34,59.73,-4.864,35.66
AB27,1,0.9732,min,27,0,0,9.644,19.09,14.97,43.1,23.72,58.96,27,0,0,-12.73,18.6,13.15,65.04,2.456,19.27
AB27,1,0.9732,zero,27,0,0,-31.02,10.72,31.02,69.31,-27.02,-6.607,27,0,0,-12.73,18.6,13.15,65.04,2.456,19.27
AB28,1,0.9542,min,28,0,0,8.044,16.59,11.76,36.58,20.54,63.38,29,0,0,-36.07,31.18,36.07,84.98,-14,7.892
AB28,1,0.9542,zero,28,0,0,-24.54,5.211,24.54,36.11,-19.81,-6.284,29,0,0,-36.07,31.18,36.07,84.98,-14,7.892
AB30,1,0.9733,min,26,0,0,12.92,11.43,12.92,36.58,23.31,46.58,25,0,0,-66.03,22.34,66.06,104.8,-38.83,13.87
AB30,1,0.9733,zero,26,0,0,-18.2,9.463,18.2,36.36,-12.85,7.965,25,0,0,-66.03,22.34,66.06,104.8,-38.83,13.87
