condition,seed,walks,cost,duration_s,n_strides,fell,min_toe_clearance_mm,ankle_at_ic_deg,peak_swing_df_deg,foot_slap_index_dps,peak_hip_flexion_swing_deg,peak_knee_flexion_swing_deg,peak_ankle_power_w,stride_time_s,stance_pct,stride_length_m,min_toe_clearance_mm_sd,ankle_at_ic_deg_sd,peak_swing_df_deg_sd,foot_slap_index_dps_sd,peak_hip_flexion_swing_deg_sd,peak_knee_flexion_swing_deg_sd,peak_ankle_power_w_sd,stride_time_s_sd,stance_pct_sd,stride_length_m_sd,step_length_r_m,step_length_l_m,step_length_si_pct,stance_time_r_s,stance_time_l_s,stance_time_si_pct,speed_mps,cost_of_transport
healthy,1,True,0.545881,10,4,0,36.6061,0.449068,0.520627,787.288,46.4422,75.74,127.268,1.35526,61.6829,1.57222,0.194306,0.0108062,0.00302284,14.4409,0.102301,0.178195,0.236478,0.00327909,0.0968494,0.00549533,0.764988,0.763236,0.229303,0.83596,0.835893,0.00795686,1.15985,5.45881
healthy,2,True,0.546708,10,4,0,36.2064,0.0548427,0.116546,781.718,46.6737,75.8151,125.289,1.35461,61.7912,1.56331,0.313314,0.0269414,0.00226739,9.50214,0.0432262,0.0515394,0.692314,0.00255115,0.131319,0.00241165,0.760739,0.759702,0.136393,0.837025,0.836634,0.0467167,1.15324,5.46708
healthy,3,True,0.544654,10,4,0,36.0229,0.576883,0.633878,777.279,45.8054,75.5197,126.29,1.35569,61.5174,1.58154,0.067703,0.0112681,0.00625911,11.5999,0.0856747,0.140481,0.273094,0.000520906,0.0282413,0.00192219,0.768343,0.766583,0.229299,0.833984,0.834702,-0.0860065,1.16595,5.44654
dropfoot_ta50,1,True,0.602729,10,4,0,45.8728,-3.63411,-3.74115,927.766,53.4892,80.6395,132.401,1.38891,59.8212,1.74994,1.27686,0.257848,0.345175,58.5026,0.818499,0.280087,3.54784,0.00542478,0.824468,0.0358295,0.817051,0.879953,-7.41332,0.830834,0.841471,-1.27212,1.26703,6.02729
dropfoot_ta50,2,True,0.699546,10,4,0,46.7534,-7.28787,-7.28499,791.391,54.2116,77.5139,134.138,1.43393,57.5122,1.79459,0.166965,0.0258639,0.0247151,24.2954,0.064803,0.140698,2.13058,0.000852667,0.09814,0.00259316,0.81742,0.884765,-7.91278,0.824686,0.858426,-4.00923,1.25029,6.16202
dropfoot_ta50,3,True,0.543254,10,4,0,43.9115,2.54102,2.55818,894.817,49.221,77.8241,129.746,1.3449,62.0989,1.58245,0.0964495,0.0299057,0.0369913,18.4343,0.0382028,0.101422,0.214981,0.00150672,0.134276,0.00847407,0.779739,0.758867,2.71312,0.835168,0.813772,2.59516,1.17473,5.43254
dropfoot_ta25,1,True,0.596261,10,4,0,51.5552,-6.68465,-6.44641,858.1,56.391,78.0285,126.275,1.37122,58.1362,1.77944,0.703503,0.35533,0.192258,40.781,0.272466,0.441651,0.841348,0.00265601,0.261891,0.0174666,0.818556,0.854337,-4.27775,0.797171,0.810965,-1.71556,1.29304,5.96261
dropfoot_ta25,2,True,0.695487,10,4,0,61.2788,-4.38559,-4.36813,798.59,57.0281,80.8495,126.769,1.36705,55.8212,1.78602,1.32579,0.049977,0.0525431,29.4747,0.116607,0.0347888,1.06797,0.00302387,0.190652,0.00688373,0.77869,0.881998,-12.4416,0.763106,0.804903,-5.33112,1.3054,6.28711
dropfoot_ta25,3,True,0.589757,10,4,0,56.7368,-9.42479,-9.40291,816.548,58.145,80.6431,119.085,1.39226,59.5451,1.74496,0.969321,0.137512,0.135306,33.5068,0.523681,0.334832,2.0166,0.00520414,0.26089,0.00614021,0.829285,0.837753,-1.01594,0.829019,0.818176,1.31653,1.25458,5.89757
dropfoot_ta10,1,True,0.588553,10,4,0,40.1044,-13.1366,-13.1109,709.719,56.6183,75.6006,116.341,1.37053,59.731,1.73967,0.467519,0.097308,0.0765282,75.3594,0.170108,0.355455,1.62919,0.000788555,0.0707508,0.00949125,0.821826,0.820011,0.221202,0.818629,0.795305,2.89035,1.26478,5.88553
dropfoot_ta10,2,True,0.563117,10,4,0,52.1528,-9.35835,-3.15896,898.648,57.0333,80.601,116.855,1.36293,61.8422,1.59246,0.77169,0.0601394,0.145683,42.9002,0.162996,0.144745,0.496373,0.0018367,0.0710962,0.0080305,0.80294,0.750655,6.73079,0.842865,0.812227,3.70219,1.16946,5.63117
dropfoot_ta10,3,True,0.562587,10,4,0,57.5711,-3.46277,-0.821319,924.202,54.4456,79.4807,132.01,1.36212,60.4191,1.5786,0.110042,0.0618647,0.132071,21.0811,0.0614542,0.0885858,0.748227,0.00161885,0.0619837,0.00317923,0.786239,0.751173,4.56178,0.82298,0.827772,-0.580559,1.15939,5.62587
