percent,healthy.ankle_angle_mean,healthy.ankle_angle_sd,healthy.knee_flexion_mean,healthy.knee_flexion_sd,healthy.hip_flexion_mean,healthy.hip_flexion_sd,healthy.toe_height_mean,healthy.toe_height_sd,healthy.tib_ant_activation_mean,healthy.tib_ant_activation_sd,healthy.ankle_moment_mean,healthy.ankle_moment_sd,dropfoot_ta50.ankle_angle_mean,dropfoot_ta50.ankle_angle_sd,dropfoot_ta50.knee_flexion_mean,dropfoot_ta50.knee_flexion_sd,dropfoot_ta50.hip_flexion_mean,dropfoot_ta50.hip_flexion_sd,dropfoot_ta50.toe_height_mean,dropfoot_ta50.toe_height_sd,dropfoot_ta50.tib_ant_activation_mean,dropfoot_ta50.tib_ant_activation_sd,dropfoot_ta50.ankle_moment_mean,dropfoot_ta50.ankle_moment_sd,dropfoot_ta25.ankle_angle_mean,dropfoot_ta25.ankle_angle_sd,dropfoot_ta25.knee_flexion_mean,dropfoot_ta25.knee_flexion_sd,dropfoot_ta25.hip_flexion_mean,dropfoot_ta25.hip_flexion_sd,dropfoot_ta25.toe_height_mean,dropfoot_ta25.toe_height_sd,dropfoot_ta25.tib_ant_activation_mean,dropfoot_ta25.tib_ant_activation_sd,dropfoot_ta25.ankle_moment_mean,dropfoot_ta25.ankle_moment_sd,dropfoot_ta10.ankle_angle_mean,dropfoot_ta10.ankle_angle_sd,dropfoot_ta10.knee_flexion_mean,dropfoot_ta10.knee_flexion_sd,dropfoot_ta10.hip_flexion_mean,dropfoot_ta10.hip_flexion_sd,dropfoot_ta10.toe_height_mean,dropfoot_ta10.toe_height_sd,dropfoot_ta10.tib_ant_activation_mean,dropfoot_ta10.tib_ant_activation_sd,dropfoot_ta10.ankle_moment_mean,dropfoot_ta10.ankle_moment_sd
0,0.36026,0.27211,3.6164,0.022197,38.899,0.15418,90.362,0.99117,0.029156,0.00065371,0.82112,0.067606,-2.7937,4.9681,3.4137,0.39873,40.53,1.427,81.1,17.014,0.076696,0.010642,0.57737,0.096249,-6.8317,2.5228,3.1891,0.64879,38.056,1.8977,63.723,2.8855,0.1587,0.015949,0.55165,0.092009,-8.6526,4.8754,3.4141,0.85561,38.464,1.1488,63.833,15.743,0.41649,0.022239,0.59818,0.10509
1,-2.5582,0.30865,4.0088,0.019639,37.859,0.15356,71.448,1.0584,0.026246,0.00076548,8.2109,0.08221,-6.0766,5.21,3.8258,0.2673,39.275,1.7115,59.272,18.731,0.073186,0.010177,8.0779,0.82712,-9.7832,3.4192,3.507,0.30153,36.631,2.2482,41.448,4.1706,0.15432,0.015764,7.1047,0.92497,-11.39,5.7198,3.5289,0.41596,36.873,0.86739,42.1,17.117,0.40932,0.021653,6.4729,0.020343
2,-10.367,0.38695,4.3374,0.025938,37.093,0.15838,43.07,1.1579,0.024241,0.00085866,10.965,0.13495,-15.248,5.5011,4.1697,0.18074,38.392,1.8257,26.491,20.119,0.070289,0.0096383,8.8433,2.4316,-18.212,2.6897,3.9212,0.27968,35.711,2.4477,9.2253,2.8481,0.15043,0.015408,6.6694,1.3424,-17.971,3.3666,3.9788,0.84394,35.921,0.78078,14.308,12.915,0.40301,0.021336,5.9475,1.9329
3,-19.982,0.14503,5.0222,0.019516,36.867,0.16717,12.596,0.73019,0.053726,0.00032272,12.226,0.77606,-17.905,3.1257,6.3209,1.7178,38.479,1.5726,7.0218,6.4192,0.098369,0.004741,4.3522,5.9293,-14.221,1.4628,6.9417,0.88929,36.037,2.6979,2.2182,0.84861,0.17038,0.01675,1.6511,0.23763,-17.019,3.3299,6.5754,2.2015,36.267,1.0226,2.9338,2.4108,0.41766,0.01873,0.30126,6.7195
4,-16.56,0.12752,8.7221,0.04357,37.773,0.1583,5.9495,0.17981,0.13993,0.0025006,2.537,0.057993,-13.822,4.1978,10.927,3.0889,40.14,1.5609,3.8054,1.3852,0.18316,0.021398,1.4731,2.2572,-9.8371,1.2413,11.71,1.7346,38.21,3.1953,2.4778,0.079697,0.24438,0.013515,-0.33553,3.3103,-12.884,3.1606,10.954,3.5075,38.146,1.8718,2.6628,0.59049,0.50041,0.067025,-1.9632,8.1037
5,-12.033,0.10541,13.916,0.038787,39.993,0.17477,6.1703,0.068757,0.22919,0.0033504,6.13,0.18299,-9.5598,3.9561,16.563,4.0866,42.792,2.0776,6.0407,1.0426,0.23139,0.081865,0.36142,6.7103,-6.2708,1.2245,17.032,2.4357,41.047,3.533,5.6717,0.61851,0.25541,0.019591,-7.9214,0.4841,-9.3546,3.0104,15.939,4.1761,40.75,2.1911,5.7544,0.68754,0.55356,0.14363,-5.0953,8.4409
6,-7.8711,0.091359,19.399,0.035309,42.598,0.19719,9.9027,0.14512,0.23696,0.0020899,8.7,0.070021,-6.1302,3.3532,21.603,4.1661,45.132,2.331,9.5283,1.4975,0.23159,0.10647,-1.4198,7.8289,-3.6473,1.2667,21.263,2.8058,43.081,3.5887,8.5292,0.86431,0.2399,0.021831,-7.8537,1.241,-6.7362,2.5839,20.069,4.0385,42.765,1.892,8.9085,0.18388,0.55038,0.17195,-5.5566,9.1503
7,-4.4885,0.079689,23.57,0.079187,44.307,0.23496,13.696,0.2911,0.2201,0.0020122,9.6182,0.73927,-3.7886,2.503,25.042,3.8159,46.35,2.5098,11.348,1.642,0.21142,0.11117,-1.1515,9.416,-1.9051,1.4099,23.839,2.9598,43.832,3.4794,9.237,0.53261,0.21394,0.021686,-10.699,0.22925,-4.9593,2.4461,22.665,3.6683,43.61,1.4559,10.364,1.1848,0.51838,0.17347,-7.9312,8.0354
8,-2.8427,0.034639,25.854,0.13295,44.757,0.27321,13.84,0.23778,0.19394,0.0021556,9.8467,0.28217,-2.0436,2.1071,26.843,3.6252,46.381,2.7506,11.323,2.5639,0.18606,0.1081,-2.8477,11.985,-0.45753,1.4056,25.131,3.0478,43.549,3.3024,8.5615,0.29148,0.18577,0.020936,-13.09,0.46497,-3.7398,2.6429,23.844,3.4171,43.37,1.178,10.047,1.6767,0.47553,0.16243,-9.1733,9.518
9,-1.6098,0.014838,26.661,0.17419,44.17,0.28688,12.426,0.23271,0.16398,0.0025819,8.1818,0.31982,-0.67397,2.1236,27.488,3.6575,45.625,2.8727,10.041,2.7151,0.16102,0.099997,-5.8758,12.983,0.96402,1.4231,25.791,3.1345,42.762,3.1277,7.5773,0.15289,0.15873,0.01971,-16.823,0.46476,-2.5532,2.8684,24.156,3.4054,42.461,1.126,9.2314,1.8845,0.43234,0.14735,-11.481,9.9627
10,-0.45789,0.042378,26.757,0.20667,43.122,0.2888,10.789,0.14879,0.13473,0.0028066,3.6204,0.22373,0.54982,2.2943,27.613,3.7907,44.594,2.8319,8.6486,2.2891,0.13812,0.090278,-9.4565,12.705,2.2941,1.4346,26.255,3.2719,41.876,3.0181,6.75,0.12548,0.13463,0.018677,-20.147,0.743,-1.3982,3.0124,24.129,3.6153,41.326,1.2365,8.4468,1.9486,0.39536,0.13598,-13.508,10.981
11,0.61536,0.05057,26.728,0.2325,42.077,0.28131,9.5674,0.064953,0.10984,0.002676,-0.035993,0.28942,1.6925,2.2854,27.604,3.9201,43.605,2.7608,7.7432,2.0353,0.11839,0.080808,-12.494,12.67,3.4701,1.4687,26.636,3.4438,41.042,2.9795,6.1812,0.15261,0.11297,0.017627,-23.672,1.3284,-0.3213,3.0791,24.048,3.8859,40.226,1.42,7.89,1.9307,0.36462,0.12888,-15.734,11.55
12,1.6275,0.063481,26.757,0.26514,41.181,0.28171,8.871,0.014075,0.090037,0.0020525,-3.3827,0.23781,2.6922,2.2044,27.527,4.0717,42.724,2.7584,7.192,1.9357,0.10193,0.07246,-15.382,12.544,4.4657,1.502,26.861,3.6033,40.243,2.9905,5.7615,0.21187,0.09397,0.015963,-27.012,1.8526,0.6562,3.0801,23.99,4.0678,39.253,1.5929,7.5037,1.9141,0.33887,0.12519,-17.828,12.388
13,2.5253,0.076291,26.776,0.29993,40.387,0.29115,8.3602,0.01307,0.074744,0.0015911,-6.2674,0.20763,3.5321,2.1286,27.301,4.2938,41.885,2.8527,6.7653,1.8746,0.088416,0.065174,-18.085,12.517,5.3018,1.5362,26.851,3.7294,39.428,3.0363,5.3979,0.31687,0.078115,0.013336,-30.465,2.5093,1.5441,3.0334,23.92,4.1102,38.4,1.6991,7.1993,1.9277,0.31669,0.12348,-20.013,13.091
14,3.3534,0.088987,26.705,0.33178,39.62,0.30825,7.9337,0.02407,0.062742,0.0012602,-8.8884,0.12682,4.2433,2.0687,26.854,4.6069,41.005,3.0291,6.3875,1.8405,0.077106,0.058448,-20.644,12.518,6.0042,1.5673,26.58,3.8179,38.555,3.1073,5.0472,0.44511,0.065274,0.010668,-33.932,3.1577,2.3395,2.9651,23.755,4.047,37.61,1.7297,6.9241,1.9674,0.29713,0.12273,-22.164,13.98
15,4.1165,0.10029,26.502,0.35574,38.832,0.32929,7.5186,0.030222,0.053207,0.0010076,-11.447,0.086947,4.8353,2.059,26.17,5.036,40.033,3.2808,6.0271,1.7861,0.06746,0.052104,-23.129,12.393,6.597,1.5999,26.067,3.8814,37.593,3.1918,4.7081,0.57331,0.055062,0.0085304,-37.464,3.8048,3.0556,2.889,23.444,3.9552,36.827,1.7114,6.6351,2.0063,0.27961,0.12227,-24.432,14.79
16,4.8234,0.10873,26.16,0.37051,37.999,0.35264,7.1624,0.037718,0.045546,0.00080383,-13.741,0.038964,5.3132,2.115,25.26,5.6068,38.937,3.6206,5.7114,1.7192,0.059097,0.046012,-25.464,12.256,7.0905,1.6266,25.353,3.9445,36.522,3.2831,4.3868,0.68187,0.046918,0.0069008,-40.964,4.4026,3.6998,2.8071,22.961,3.902,35.995,1.6856,6.3011,1.9967,0.26379,0.12175,-26.767,15.541
17,5.4679,0.11593,25.697,0.3799,37.103,0.37953,6.8648,0.039451,0.039352,0.00065171,-16.016,0.050489,5.677,2.26,24.14,6.3401,37.688,4.0637,5.4515,1.6248,0.051792,0.040192,-27.697,11.966,7.4919,1.6482,24.474,4.0299,35.325,3.3765,4.0939,0.75746,0.040362,0.0056179,-44.384,4.89,4.2766,2.7215,22.321,3.915,35.084,1.6898,5.9393,1.9376,0.24946,0.12104,-29.171,16.212
18,6.0494,0.12124,25.137,0.3867,36.134,0.40921,6.6207,0.039199,0.034305,0.00053346,-18.149,0.1059,5.9194,2.5203,22.812,7.2632,36.261,4.6297,5.2582,1.5039,0.045351,0.034628,-29.766,11.614,7.8039,1.6648,23.451,4.1481,33.99,3.4698,3.845,0.79611,0.035051,0.0046013,-47.68,5.2762,4.7857,2.6365,21.568,3.9928,34.085,1.7538,5.5773,1.8339,0.23648,0.12008,-31.647,16.835
19,6.5665,0.12384,24.489,0.39233,35.081,0.44098,6.436,0.034152,0.030177,0.00043634,-20.257,0.1842,6.0228,2.9339,21.258,8.4308,34.63,5.3506,5.1505,1.3717,0.039644,0.02933,-31.626,11.188,8.0262,1.6816,22.292,4.3042,32.508,3.5613,3.6481,0.80066,0.030721,0.0037872,-50.875,5.5487,5.2261,2.5591,20.742,4.125,33.001,1.89,5.2543,1.7157,0.22474,0.11889,-34.133,17.434
20,7.0244,0.12526,23.758,0.39725,33.928,0.47288,6.2878,0.026843,0.026782,0.00035613,-22.361,0.25518,5.9596,3.5513,19.431,9.9309,32.76,6.2755,5.1458,1.2397,0.034593,0.02436,-33.232,10.722,8.1532,1.7069,20.992,4.5068,30.873,3.6554,3.5056,0.77356,0.027176,0.0031319,-53.974,5.6581,5.596,2.498,19.858,4.3121,31.829,2.1019,4.9936,1.6008,0.21419,0.11749,-36.613,17.977
21,7.4255,0.12587,22.954,0.40187,32.676,0.50386,6.1817,0.019224,0.023977,0.0002945,-24.446,0.33876,5.7796,4.2889,17.419,11.615,30.704,7.3206,5.3382,1.2335,0.030326,0.020082,-35.219,10.506,8.1775,1.7526,19.537,4.7739,29.081,3.7658,3.4193,0.71628,0.02426,0.0025979,-56.911,5.5492,5.8935,2.4643,18.908,4.5628,30.56,2.3812,4.8016,1.5017,0.20478,0.1159,-39.068,18.511
22,7.7719,0.12556,22.079,0.40549,31.327,0.53194,6.1097,0.012322,0.021656,0.000244,-26.552,0.41673,5.6919,4.7802,15.769,12.528,28.792,7.9207,5.6041,1.4602,0.026788,0.016523,-38.066,10.546,8.0891,1.8377,17.904,5.1346,27.127,3.9135,3.3922,0.62759,0.021857,0.0021603,-59.636,5.1886,6.1147,2.4707,17.875,4.8899,29.182,2.7156,4.6741,1.4295,0.1965,0.11417,-41.512,19.083
23,8.0657,0.12448,21.136,0.40828,29.889,0.55649,6.0638,0.011994,0.019731,0.00020052,-28.67,0.4922,5.6463,5.088,14.411,12.773,27.002,8.1273,5.6697,1.489,0.023897,0.013641,-40.712,10.576,7.8738,1.9933,16.059,5.6297,25,4.1254,3.4248,0.50089,0.01987,0.0018011,-62.133,4.5401,6.2541,2.5327,16.737,5.3102,27.688,3.0946,4.6027,1.3934,0.18937,0.11241,-43.954,19.72
24,8.311,0.12342,20.126,0.41162,28.369,0.57849,6.035,0.019276,0.018132,0.00016639,-30.817,0.56745,5.6494,5.1961,13.131,12.719,25.204,8.1814,5.6517,1.3696,0.021533,0.011306,-43.761,10.93,7.5069,2.2659,13.956,6.3165,22.684,4.4381,3.5208,0.3251,0.018225,0.0015043,-64.366,3.5688,6.3048,2.6663,15.471,5.8443,26.071,3.5167,4.577,1.3995,0.18339,0.11072,-46.405,20.428
25,8.5123,0.1223,19.051,0.41557,26.778,0.5977,6.0123,0.029061,0.0168,0.00013874,-33.032,0.65428,5.6884,5.1281,11.858,12.485,23.365,8.1611,5.568,1.1385,0.019587,0.0093947,-47.055,11.626,7.001,2.6559,11.617,7.1677,20.204,4.8468,3.7272,0.18242,0.016859,0.001258,-66.718,2.868,6.2597,2.8905,14.058,6.5195,24.331,3.9873,4.5894,1.4508,0.17864,0.10925,-48.869,21.218
26,8.6726,0.12147,17.91,0.42035,25.126,0.61441,5.9806,0.040552,0.01569,0.00011518,-35.403,0.75366,5.7516,4.9067,10.559,12.118,21.477,8.0958,5.4247,0.84349,0.01798,0.0078217,-50.552,12.628,6.5619,2.8673,9.5328,7.4397,17.859,4.967,4.005,0.517,0.015723,0.0010535,-70.226,3.6894,6.1464,3.1673,12.526,7.3017,22.492,4.4906,4.6736,1.614,0.1752,0.10822,-51.64,21.679
27,8.7935,0.12177,16.702,0.42738,23.418,0.63007,5.9225,0.053581,0.014764,9.5392e-05,-37.985,0.85635,5.8241,4.5589,9.2091,11.65,19.532,8.0024,5.2299,0.57928,0.016652,0.0065271,-54.21,13.847,6.1479,2.9251,7.6682,7.1411,15.643,4.7878,4.1271,0.63638,0.015213,0.0011847,-73.675,4.3609,6.1038,3.2646,11.222,7.6197,20.766,4.7993,4.7709,1.8163,0.17407,0.10822,-54.879,21.649
28,8.8781,0.12339,15.421,0.43789,21.658,0.64571,5.8267,0.067064,0.01399,7.9894e-05,-40.778,0.95483,5.8851,4.1252,7.7832,11.113,17.521,7.8972,4.992,0.55141,0.015551,0.0054552,-58.124,15.393,5.7852,2.8356,5.9099,6.5519,13.482,4.4487,4.1876,0.62993,0.017088,0.0054474,-77.61,4.8356,6.0779,3.2791,10.052,7.6146,19.108,4.9832,4.7373,1.8358,0.17643,0.10936,-58.011,21.976
29,8.9292,0.12659,14.061,0.45254,19.846,0.6618,5.6883,0.079765,0.013343,6.6761e-05,-43.767,1.0458,5.9044,3.6658,6.2477,10.553,15.428,7.7996,4.7245,0.82758,0.014635,0.004563,-62.192,17.198,5.4597,2.6079,4.226,5.727,11.352,3.9667,4.1729,0.58326,0.018852,0.0096062,-81.796,5.4661,6.0717,3.2049,8.883,7.4917,17.436,5.1524,4.6469,1.8042,0.17887,0.10976,-61.412,22.032
30,8.946,0.13255,12.61,0.47289,17.975,0.67938,5.5066,0.090605,0.012802,5.5225e-05,-46.929,1.1249,5.8709,3.2639,4.5936,10.04,13.245,7.7375,4.4786,1.2216,0.013873,0.0038221,-66.538,19.202,5.1901,2.2362,2.6476,4.6463,9.2594,3.3133,4.1187,0.52557,0.019126,0.011021,-86.395,6.2074,6.0689,3.0786,7.6584,7.3523,15.712,5.3613,4.508,1.7191,0.18017,0.10838,-64.932,21.886
31,8.9207,0.14388,11.043,0.50429,16.032,0.70219,5.2889,0.098827,0.012349,4.6127e-05,-50.208,1.1882,5.8984,2.9865,3.1059,9.6251,11.136,7.7346,4.2747,1.6627,0.013239,0.0032051,-71.748,21.197,5.0278,1.923,1.2859,3.7047,7.2552,2.739,4.0564,0.55457,0.018822,0.011277,-91.626,6.5329,6.1396,2.939,6.5036,7.2191,14.006,5.5518,4.3758,1.5238,0.18093,0.10514,-69.135,22.429
32,8.8382,0.16281,9.3252,0.54981,13.994,0.73221,5.0485,0.1026,0.011969,3.8734e-05,-53.541,1.2293,6.0421,2.7598,1.9822,9.1831,9.2207,7.7383,3.9832,1.9704,0.01271,0.0026882,-77.277,23.024,4.9461,1.7024,0.1227,3.0429,5.3161,2.3706,3.9401,0.71453,0.019288,0.010847,-96.899,6.7742,6.3079,2.7774,5.5747,6.9826,12.412,5.5974,4.1353,1.3527,0.1819,0.10032,-73.494,22.735
33,8.6735,0.19129,7.4077,0.6105,11.824,0.76968,4.8039,0.10037,0.011652,3.229e-05,-56.851,1.2477,6.2422,2.526,1.0173,8.6366,7.3679,7.711,3.612,2.0932,0.012268,0.0022564,-82.809,24.68,4.9978,1.6757,-0.74162,2.7875,3.4825,2.3152,3.8081,0.9242,0.019944,0.01041,-102.47,6.4555,6.5651,2.5795,4.7934,6.6113,10.874,5.5295,3.8409,1.1516,0.18162,0.095555,-78.188,23.094
34,8.4314,0.17409,5.2863,0.60403,9.5115,0.76937,4.62,0.045786,0.011386,2.6845e-05,-60.495,1.8427,6.4692,2.2514,0.082359,7.9594,5.4846,7.6367,3.2446,2.1019,0.011899,0.001896,-88.423,26.185,5.1138,1.7529,-1.4431,2.6848,1.6634,2.4092,3.6615,1.1578,0.019948,0.010297,-107.88,6.1557,6.8729,2.3527,4.0884,6.111,9.3402,5.3815,3.499,0.94398,0.17956,0.091246,-82.957,23.161
35,8.3954,0.098032,3.5995,0.32963,7.4194,0.60093,4.5345,0.10976,0.011163,2.2574e-05,-65.939,1.9452,6.6996,1.9237,-0.8639,7.1327,3.5344,7.501,2.9146,2.0294,0.01159,0.0015929,-94.012,27.471,5.2756,1.8865,-2.0221,2.5734,-0.17352,2.5273,3.5659,1.4495,0.019827,0.010191,-113.08,5.7359,7.2046,2.1136,3.3954,5.4963,7.7612,5.1852,3.1515,0.7106,0.1761,0.086721,-87.8,22.936
36,8.5907,0.075932,2.6216,0.19405,5.7192,0.50779,4.2152,0.15806,0.010975,1.8916e-05,-71.209,1.9369,6.9474,1.6088,-1.7544,6.2671,1.5457,7.359,2.6583,1.9042,0.011332,0.0013388,-99.677,28.064,5.4719,2.0465,-2.458,2.4092,-2.0107,2.6265,3.5557,1.8009,0.019667,0.010091,-117.86,5.1763,7.5443,1.8767,2.7038,4.7457,6.1251,4.9315,2.8251,0.45731,0.1717,0.081473,-92.554,22.307
37,8.9339,0.083233,1.9303,0.1428,4.1417,0.4622,3.8018,0.1679,0.010818,1.5646e-05,-76.54,2.0475,7.304,1.4261,-2.3518,5.624,-0.31993,7.3059,2.4397,1.7433,0.011117,0.0011259,-105.74,27.96,5.7466,2.1674,-2.6732,2.1678,-3.7231,2.6401,3.5901,2.1189,0.019428,0.01,-122.48,4.5561,7.8821,1.6582,2.0151,3.8154,4.4351,4.5837,2.5428,0.23871,0.16665,0.075367,-97.126,21.289
38,9.3834,0.099839,1.3594,0.12178,2.5722,0.43342,3.3753,0.17285,0.010687,1.3129e-05,-82.182,2.1896,7.706,1.3299,-2.7191,5.1116,-2.0548,7.2269,2.2099,1.4867,0.010936,0.00094686,-110.95,27.202,6.0222,2.3635,-2.7364,1.9807,-5.3136,2.694,3.7379,2.4828,0.019115,0.0098759,-125.72,3.7526,8.26,1.5047,1.4214,2.7989,2.7949,4.0982,2.3068,0.25484,0.16111,0.06863,-101.77,19.977
39,9.913,0.11179,0.88755,0.11219,0.99324,0.41245,2.9354,0.17617,0.010576,1.1033e-05,-88.212,2.2606,8.0679,1.4003,-3.0135,4.7399,-3.7857,7.2098,2.1309,0.99824,0.010784,0.00079622,-115.12,24.986,6.2041,2.6724,-2.7713,1.8669,-6.8875,2.8316,4.1377,3.0163,0.018609,0.0095652,-127.14,4.402,8.6841,1.5789,1.008,2.0259,1.2458,3.7006,2.163,0.5511,0.15531,0.061609,-106.2,17.476
40,10.519,0.11783,0.54701,0.10459,-0.56464,0.39373,2.484,0.17269,0.010484,9.178e-06,-94.425,2.3079,8.3623,1.6796,-3.2462,4.497,-5.5272,7.2913,2.2585,0.26519,0.010658,0.0006701,-118.26,21.576,6.2246,3.0062,-2.841,1.7305,-8.5435,2.9801,4.8782,3.6364,0.017983,0.0092013,-126.86,5.8737,9.132,1.8781,0.79004,1.5823,-0.16612,3.5335,2.0561,1.0733,0.14921,0.054962,-110.13,14.364
41,11.261,0.12039,0.44815,0.095494,-1.9001,0.3711,1.9359,0.16764,0.010406,7.6508e-06,-101.08,2.3537,8.6061,2.1485,-3.3574,4.3544,-7.2069,7.5259,2.5847,0.78714,0.010551,0.00056403,-120.4,17.57,6.0878,3.3125,-2.8899,1.5058,-10.276,3.0821,5.9739,4.274,0.017551,0.0091661,-125.22,7.5733,9.5273,2.2503,0.61901,1.3781,-1.5316,3.5776,2.0727,1.723,0.14262,0.049114,-113.31,10.968
42,11.995,0.12149,0.39309,0.096253,-3.1578,0.36352,1.4213,0.14841,0.010341,6.4485e-06,-107.09,2.3401,8.7644,2.6805,-3.3794,4.1248,-8.8697,7.7609,3.1595,1.9625,0.010462,0.00047452,-121.5,13.846,5.8269,3.5924,-2.8205,1.2124,-12.027,3.1335,7.3986,4.8997,0.018699,0.011632,-122.42,9.1789,9.8212,2.6041,0.42233,1.1879,-2.9557,3.6553,2.2823,2.4394,0.13553,0.043992,-115.8,7.5007
43,12.632,0.12688,0.25447,0.09856,-4.5175,0.3604,1.0654,0.12295,0.010286,5.3975e-06,-112.69,2.2973,8.8102,3.2255,-3.3216,3.7524,-10.55,7.9178,4.0078,3.2265,0.010388,0.00039938,-121.61,10.554,5.4657,3.8675,-2.5695,0.9043,-13.747,3.1577,9.1245,5.5199,0.021463,0.016029,-118.66,10.776,10.017,2.9238,0.24076,0.91264,-4.4426,3.68,2.6894,3.1968,0.12836,0.039644,-117.61,4.5224
44,13.152,0.13782,0.06062,0.10028,-5.9963,0.35707,0.89132,0.09165,0.01024,4.4808e-06,-117.55,2.0628,8.7353,3.7747,-3.1696,3.2589,-12.249,7.9901,5.1394,4.5529,0.010325,0.00033621,-120.68,8.8777,5.0002,4.1471,-2.1446,0.60436,-15.424,3.1647,11.128,6.1375,0.025066,0.020283,-114.04,12.285,10.123,3.2333,0.11919,0.55569,-5.9703,3.642,3.293,3.9797,0.12155,0.036204,-118.47,3.3615
45,13.577,0.15117,-0.10892,0.098631,-7.5527,0.3529,0.90976,0.047563,0.010202,3.771e-06,-121.42,1.681,8.5458,4.3421,-2.8969,2.6997,-13.947,8.0033,6.5497,5.9304,0.010273,0.0002829,-118.76,9.8427,4.4156,4.4269,-1.5852,0.32768,-17.07,3.1521,13.405,6.7417,0.029383,0.024283,-108.72,13.565,10.149,3.569,0.083321,0.20426,-7.5211,3.576,4.1041,4.7919,0.11561,0.033583,-118.4,5.1024
46,13.935,0.16884,-0.16836,0.096584,-9.1272,0.3487,1.1245,0.015945,0.010169,3.1603e-06,-124.13,1.2358,8.2481,4.9443,-2.4825,2.1354,-15.622,7.9903,8.2302,7.3423,0.010229,0.00023811,-115.93,12.713,3.7042,4.7073,-0.92316,0.23163,-18.695,3.1234,15.94,7.3124,0.034632,0.028835,-102.91,14.61,10.106,3.9397,0.16559,0.2205,-9.0674,3.5184,5.1214,5.63,0.11161,0.030634,-117.5,7.7344
47,14.225,0.19084,-0.086178,0.095273,-10.694,0.3458,1.5658,0.08298,0.010142,2.6295e-06,-125.56,0.8046,7.8377,5.5883,-1.9374,1.6025,-17.27,7.97,10.174,8.7576,0.010192,0.00020051,-112.33,16.127,2.8619,4.9915,-0.18504,0.43442,-20.302,3.0849,18.701,7.8377,0.040783,0.03429,-96.836,15.416,9.988,4.3377,0.35823,0.45621,-10.606,3.481,6.3489,6.4738,0.10946,0.028259,-115.84,10.282
48,14.418,0.21857,0.098821,0.091543,-12.268,0.34475,2.2621,0.16324,0.010119,2.1914e-06,-125.63,0.36876,7.3036,6.2687,-1.2934,1.1126,-18.897,7.9472,12.366,10.15,0.010161,0.00016878,-108.05,19.491,1.8869,5.2813,0.60082,0.68535,-21.898,3.0419,21.652,8.3112,0.047787,0.040566,-90.604,16.084,9.7859,4.7551,0.64511,0.6346,-12.139,3.4616,7.7934,7.298,0.10848,0.027767,-113.54,12.504
49,14.488,0.25105,0.34013,0.085554,-13.873,0.3442,3.2472,0.25009,0.0101,1.8691e-06,-124.51,0.040528,6.6384,6.964,-0.58121,0.64851,-20.508,7.8998,14.794,11.487,0.010135,0.00014204,-103.15,22.589,0.78643,5.5647,1.4338,0.95674,-23.459,2.9452,24.757,8.7263,0.055655,0.047626,-84.29,16.748,9.4908,5.1868,1.0064,0.75994,-13.675,3.4542,9.4457,8.0835,0.10852,0.029217,-110.7,14.322
50,14.433,0.28657,0.63832,0.077834,-15.503,0.34193,4.5262,0.33719,0.010084,1.5434e-06,-122.39,0.39646,5.8791,7.6045,0.27536,0.15475,-21.944,7.5888,17.371,12.641,0.010113,0.00011962,-97.987,25.066,-0.40273,5.7917,2.4293,1.3459,-24.773,2.5862,27.917,8.9775,0.064367,0.055426,-77.931,17.242,9.0961,5.6276,1.4221,0.84458,-15.218,3.4544,11.297,8.8107,0.1097,0.032227,-107.43,15.753
51,14.249,0.32235,1.0938,0.068231,-17.023,0.3362,6.1016,0.4207,0.010071,1.2713e-06,-119.11,0.67218,5.0399,8.1779,1.2269,0.57548,-23.161,7.0203,20.04,13.57,0.010095,0.00010071,-92.744,26.819,-1.5676,5.8921,3.7408,1.8022,-25.568,2.085,31.108,9.213,0.073836,0.063914,-72.155,16.787,8.6021,6.0786,1.9242,0.8965,-16.716,3.4662,13.335,9.4707,0.11218,0.036478,-103.76,16.842
52,13.989,0.35499,1.9,0.064443,-18.139,0.31931,7.9237,0.49667,0.010059,1.0812e-06,-115.03,0.867,4.1214,8.7176,2.3847,1.1224,-23.967,6.2758,22.792,14.333,0.01008,8.4775e-05,-86.996,28.374,-2.5023,5.6225,5.8884,3.3299,-25.359,0.78903,34.481,9.8287,0.083508,0.072296,-66.821,16.298,8.0508,6.5505,2.7223,0.98467,-17.872,3.4387,15.509,10.052,0.11602,0.041646,-99.545,17.709
53,13.675,0.385,2.9734,0.070208,-18.855,0.29608,9.9176,0.56208,0.01005,9.1993e-07,-110.6,1.0163,3.1344,9.3122,3.89,1.6838,-24.08,5.3569,25.643,15.075,0.010989,0.0015536,-80.795,30.307,-3.4354,5.4954,8.9778,5.4373,-23.992,1.1611,38.054,10.554,0.092121,0.079242,-58.805,20.242,7.4837,7.0146,3.8603,1.0549,-18.545,3.4187,17.764,10.544,0.1224,0.046631,-94.942,18.301
54,13.24,0.40529,4.4286,0.06834,-18.917,0.29651,12.08,0.61056,0.010042,7.5573e-07,-104.55,1.0001,2.2261,9.7993,6.0095,2.4828,-23.484,4.3451,29.002,16.347,0.016228,0.010097,-74.25,32.213,-4.4571,5.9195,13.119,6.9248,-21.626,2.2223,42.409,11.618,0.098558,0.082552,-49.157,24.867,6.9817,7.352,5.6069,1.4532,-18.5,3.0809,20.361,11.176,0.13144,0.04995,-89.951,18.762
55,12.729,0.40384,6.602,0.12887,-18.01,0.2789,14.858,0.67057,0.010035,6.3144e-07,-97.462,0.83865,1.1299,10.458,8.7819,3.2316,-22.177,3.5422,32.783,17.786,0.02248,0.018229,-65.092,35.112,-6.0388,6.8261,17.714,7.798,-19.026,2.8647,47.535,12.976,0.10644,0.082756,-37.771,24.842,6.6226,7.7076,8.7228,2.7312,-17.167,2.6117,23.463,11.818,0.14042,0.053799,-82.841,21.031
56,12.214,0.40683,9.9136,0.23438,-16.314,0.24855,18.318,0.72728,0.010029,5.3175e-07,-88.064,1.0122,-0.15885,11.474,12.365,3.5703,-20.32,3.3414,37.351,19.194,0.028597,0.023874,-55.397,36.942,-8.4103,8.1174,22.393,8.2004,-16.574,3.3219,53.509,14.121,0.11744,0.08641,-25.552,23.526,6.1627,8.2649,13.232,3.8899,-14.737,2.8874,27.361,12.494,0.14749,0.057666,-71.948,24.373
57,11.366,0.42217,13.98,0.34673,-14.402,0.20755,22.649,0.8135,0.010025,4.5121e-07,-74.865,1.3436,-1.9381,12.72,16.51,3.57,-18.262,3.4465,42.592,20.489,0.037105,0.03211,-43.274,36.754,-11.441,9.3244,27.161,8.2846,-14.18,3.709,60.28,15.053,0.13536,0.096191,-15.087,20.006,5.1841,8.986,18.643,4.6517,-11.806,3.5198,32.357,13.225,0.15223,0.062582,-57.799,25.059
58,10.047,0.46117,18.774,0.46526,-12.34,0.15189,28.121,0.93644,0.010021,3.7849e-07,-59.449,1.7198,-4.264,13.998,21.106,3.3722,-16.077,3.5062,48.69,21.516,0.048732,0.042778,-30.434,34.269,-14.325,8.9902,32.089,8.245,-11.638,4.0904,67.406,15.434,0.1616,0.10996,-7.4372,14.001,3.3693,9.8233,24.505,5.1355,-8.7822,4.172,38.582,13.667,0.15823,0.068341,-42.268,22.542
59,8.1107,0.54096,24.303,0.5827,-9.9938,0.091242,34.787,1.1048,0.010017,3.1834e-07,-42.558,2.1116,-6.871,14.714,26.111,2.9566,-13.681,3.4993,55.619,22.155,0.063739,0.055927,-19.509,27.971,-16.957,7.1527,37.175,8.204,-8.7698,4.4827,74.444,14.765,0.19317,0.12261,-1.1154,7.9131,0.52255,10.736,30.541,5.4261,-5.7719,4.7437,45.957,13.601,0.1746,0.070576,-27.312,18.579
60,5.3952,0.66472,30.435,0.65513,-7.227,0.081093,42.64,1.2847,0.010015,2.4479e-07,-25.83,1.7883,-9.0845,13.884,31.445,2.3608,-10.974,3.5249,62.98,21.928,0.081225,0.070897,-10.976,18.802,-19.267,4.671,42.286,8.1904,-5.5169,4.9329,81.1,12.853,0.22319,0.12311,2.4635,2.3827,-3.4498,11.602,36.546,5.6615,-2.7215,5.2314,54.257,13.123,0.20683,0.072201,-13.576,14.461
61,1.6696,0.83205,36.834,0.66898,-4.0373,0.11545,51.417,1.3976,0.010012,2.2502e-07,-13.237,1.7024,-11.175,12.178,36.927,1.7141,-7.9114,3.6208,70.281,20.471,0.09789,0.082961,-4.6038,12.596,-20.875,1.8974,47.258,8.2012,-1.9139,5.4907,86.85,9.8441,0.25067,0.10924,3.7922,1.2304,-8.405,12.095,42.331,5.9381,0.44843,5.637,63.291,12.393,0.25356,0.080068,-3.565,11.149
62,-3.1807,1.0118,43.043,0.62497,-0.56069,0.14773,60.683,1.5043,0.01001,1.9358e-07,-1.5652,1.3119,-13.103,9.5514,42.324,1.2375,-4.535,3.7721,77.04,17.866,0.11702,0.077405,0.38607,5.1951,-21.216,1.2724,51.993,8.1885,1.982,6.1146,91.018,6.2432,0.27479,0.086625,3.2028,1.6625,-13.337,11.194,47.741,6.2468,3.7609,5.9506,72.654,11.274,0.31332,0.092742,2.3948,4.2944
63,-8.4413,0.96507,48.7,0.53406,3.0036,0.1564,70.382,1.619,0.015619,0.0068358,4.6358,0.68947,-14.462,6.0293,47.454,1.0875,-0.92573,3.8822,82.963,13.885,0.14158,0.054761,2.7399,2.9166,-20.79,1.6628,56.385,8.0272,6.1157,6.7266,93.159,2.6895,0.29193,0.061855,2.2699,0.55583,-17.006,8.9424,52.756,6.548,7.2152,6.1648,81.834,9.4037,0.38399,0.10789,4.3349,0.84007
64,-11.79,0.32746,53.721,0.47707,6.5333,0.15103,80.23,1.724,0.062363,0.01471,6.6766,0.17783,-15.148,4.0343,52.187,1.1648,2.8386,3.858,87.859,8.3238,0.16466,0.025776,3.9753,1.938,-20.21,1.6132,60.313,7.6415,10.404,7.2409,93.152,1.7809,0.29844,0.044685,2.4211,0.14097,-18.975,6.844,57.383,6.8162,10.804,6.2732,90.126,7.1514,0.45414,0.11614,3.2572,1.5853
65,-11.689,0.39852,58.298,0.44423,10.01,0.14787,89.535,1.6684,0.12136,0.011346,2.569,0.98697,-14.581,3.6171,56.534,1.4791,6.7102,3.7055,91.307,2.3574,0.18285,0.0088769,1.8418,0.24951,-19.321,1.567,63.686,7.0241,14.732,7.6045,91.011,5.5421,0.29686,0.035606,2.1287,0.14715,-19.722,5.8666,61.606,7.0173,14.515,6.2871,96.878,6.3052,0.50875,0.1096,2.9919,1.552
66,-10.43,0.38566,62.438,0.38757,13.478,0.1471,97.294,1.4244,0.15232,0.0033322,1.7607,0.26376,-13.859,3.5317,60.42,1.9878,10.66,3.4677,92.884,5.5421,0.19116,0.02863,2.0489,0.12083,-18.341,1.38,66.407,6.2057,18.994,7.8175,86.866,9.5035,0.29218,0.030674,2.1144,0.30224,-19.525,5.4722,65.383,7.1534,18.302,6.2259,101.62,8.0939,0.54239,0.095048,2.1531,0.20475
67,-8.9533,0.43735,66.095,0.32737,16.917,0.1331,103.25,1.2039,0.15565,0.0011242,1.6143,0.18469,-13.107,3.6496,63.773,2.6539,14.612,3.1629,92.55,12.152,0.1901,0.035141,1.7244,0.1527,-19.757,3.5367,68.519,5.4319,23.121,7.9435,82.31,10.837,0.28644,0.027096,5.464,7.5695,-18.917,5.226,68.64,7.2476,22.105,6.1225,104.2,11.173,0.5583,0.083733,1.8608,0.25856
68,-7.3744,0.3172,69.226,0.25886,20.285,0.11474,107.33,0.93215,0.15157,0.0012728,-0.87803,1.3097,-12.385,4.0257,66.511,3.4379,18.491,2.8253,90.284,18.776,0.18577,0.037216,1.9478,0.71703,-24.053,12.146,70.338,5.3208,27.053,8.0055,81.014,3.7572,0.2798,0.02475,5.3875,5.8036,-18.125,5.0456,71.306,7.331,25.852,6.0143,104.61,14.487,0.56257,0.077274,1.7408,0.26568
69,-6.8004,0.058946,71.755,0.16893,23.561,0.087041,109.1,0.55526,0.14425,0.0014326,2.241,0.53888,-14.598,7.5822,68.796,3.984,22.277,2.503,87.805,22.916,0.18026,0.037986,7.3199,7.3728,-26.035,16.469,71.691,5.5499,30.67,7.9047,78.757,5.8912,0.28846,0.048225,5.2694,4.3066,-17.206,4.9032,73.338,7.412,29.476,5.9214,102.98,17.625,0.56051,0.073399,1.6222,0.11545
70,-6.0032,0.13249,73.669,0.076146,26.667,0.06226,108.87,0.24195,0.13389,0.0016983,0.83293,0.21423,-19.031,13.287,71.106,3.708,25.923,2.201,89.319,21.222,0.17424,0.037001,6.4788,5.5686,-27.577,13.405,72.803,5.8531,34.019,7.6527,75.228,9.25,0.32453,0.12306,7.0319,2.8875,-16.218,4.8149,74.707,7.4875,32.924,5.8491,99.508,20.424,0.55445,0.069868,1.5486,0.105
71,-5.2889,0.12086,74.947,0.021162,29.585,0.06035,106.63,0.064703,0.12257,0.0010405,1.1879,0.12245,-20.646,14.317,73.171,3.0846,29.297,1.9288,90.355,19.771,0.18737,0.020873,6.9016,4.8715,-31.615,3.7453,74.14,5.6503,37.172,7.2357,75.448,6.7824,0.34938,0.17761,8.3816,4.2812,-16.263,6.3224,75.447,7.4899,36.173,5.7706,94.878,22.183,0.54583,0.065844,3.0663,2.8052
72,-4.5963,0.11275,75.59,0.10356,32.295,0.086695,102.58,0.34674,0.112,0.00038328,1.0946,0.043806,-19.933,12.178,75.034,2.186,32.407,1.682,90.717,16.952,0.21795,0.050371,5.1537,4.9913,-34.139,9.0765,75.646,4.7458,40.064,6.75,80.669,2.1955,0.3688,0.18561,6.0348,5.2098,-19.972,13.995,75.921,6.7805,39.258,5.5629,92.557,17.465,0.53518,0.061522,3.5482,3.8338
73,-3.9764,0.11673,75.609,0.19535,34.785,0.12662,96.983,0.61,0.10233,0.00020127,1.1029,0.0099718,-17.705,11.02,76.533,1.1013,35.258,1.4862,91.109,12.075,0.23353,0.06199,3.622,4.8343,-33.285,14.26,76.798,3.2676,42.668,6.3565,84.751,4.2362,0.40994,0.13887,2.853,7.6877,-23.357,20.861,76.034,5.541,42.088,5.3413,91.74,8.1083,0.5273,0.053671,2.727,3.343
74,-3.4288,0.12363,75.017,0.2813,37.046,0.16816,90.132,0.82356,0.093464,0.00067378,1.1243,0.011619,-15.27,9.9956,77.465,0.38473,37.905,1.3585,90.566,6.579,0.24122,0.056786,1.2708,2.2246,-30,12.908,77.525,1.5462,45.032,6.0548,85.206,7.9512,0.44561,0.063316,4.1295,1.6122,-25.262,24.552,75.629,4.1278,44.609,5.1466,89.515,2.4755,0.54856,0.058542,3.1271,2.6053
75,-2.9636,0.13711,73.829,0.35821,39.069,0.20773,82.378,0.98041,0.085336,0.0010391,1.1559,0.0093064,-13.003,7.8754,77.736,1.4309,40.352,1.2888,87.989,1.8347,0.24082,0.056323,1.287,0.08045,-24.062,10.047,77.77,1.5789,47.125,5.6951,84.513,10.578,0.44795,0.0042779,0.38733,2.9301,-25.149,25.005,74.787,2.7226,46.835,4.9381,85.379,6.9699,0.58012,0.12338,2.5218,2.8166
76,-2.5859,0.15356,72.072,0.43608,40.85,0.24835,74.119,1.0864,0.077906,0.0013181,1.202,0.0098019,-10.525,5.7112,77.354,2.5653,42.581,1.2493,84.246,2.4334,0.22824,0.058033,0.026352,1.7132,-18.49,6.1154,77.33,3.3706,49.007,5.2385,83.508,12.937,0.42961,0.038417,-2.3408,3.8504,-23.555,22.194,73.517,2.3293,48.818,4.7261,79.53,9.5274,0.60003,0.17589,2.3579,1.6219
77,-2.2995,0.17307,69.773,0.5099,42.385,0.2879,65.765,1.1256,0.071179,0.0015135,1.2581,0.010202,-8.8504,4.4891,76.305,3.6097,44.61,1.2332,79.482,5.951,0.20998,0.054819,0.36352,1.2609,-15.303,2.9662,76.134,5.2088,50.728,4.6511,81.729,14.194,0.39917,0.052768,-0.72959,3.8168,-20.903,17.365,71.755,3.7812,50.518,4.4713,73.397,10.644,0.6074,0.20489,1.9203,0.6984
78,-2.1055,0.19617,66.959,0.57086,43.671,0.32174,57.749,1.103,0.065179,0.0016212,1.323,0.0112,-7.7858,3.8896,74.627,4.587,46.422,1.265,73.981,8.5273,0.19016,0.047719,1.269,0.33634,-13.906,2.3631,74.27,6.9446,52.264,3.9891,78.922,13.949,0.3606,0.050662,0.87037,0.096783,-17.667,11.679,69.458,5.8781,51.917,4.1585,68.372,11.651,0.6057,0.21457,1.4683,0.13533
79,-2.0019,0.22019,63.668,0.6263,44.706,0.35353,50.516,1.0129,0.059941,0.0016619,1.3937,0.01312,-6.8939,3.4057,72.368,5.528,47.992,1.3762,68.217,10.194,0.17114,0.039942,1.0387,0.36405,-12.939,2.1248,71.845,8.6471,53.564,3.2827,75.721,12.34,0.32098,0.038392,0.975,0.17585,-14.52,6.2142,66.592,8.0197,53.025,3.7627,65.16,13.166,0.59454,0.20347,-0.86295,4.0141
80,-1.9844,0.24403,59.942,0.67839,45.494,0.38387,44.46,0.85651,0.055491,0.0016438,1.4816,0.018215,-6.1828,3.06,69.562,6.4178,49.313,1.5561,62.595,10.901,0.15439,0.034274,1.1458,0.31874,-12.077,1.7567,68.89,10.332,54.607,2.5515,72.611,9.5054,0.28703,0.025609,0.92208,0.27044,-13.4,4.2571,63.123,10.001,53.94,3.1187,62.631,12.606,0.57309,0.17121,0.21373,2.2177
81,-2.0527,0.26861,55.787,0.7265,46.024,0.41203,39.886,0.6671,0.051859,0.0015641,1.5998,0.02026,-5.6466,2.8503,66.242,7.2619,50.376,1.7864,57.518,10.654,0.14015,0.031204,1.21,0.34725,-11.429,1.4593,65.411,11.996,55.376,1.8539,69.825,5.4484,0.26039,0.016973,1.0188,0.31617,-13.517,4.1819,59.118,11.892,54.608,2.3374,60.63,9.4282,0.54386,0.12332,1.7887,0.32419
82,-2.1979,0.29281,51.199,0.76944,46.28,0.43744,37.101,0.46426,0.049061,0.0014362,1.7117,0.022526,-5.2652,2.7582,62.439,8.0849,51.171,2.0596,53.38,9.4895,0.12812,0.029938,1.2768,0.3704,-10.957,1.2197,61.427,13.648,55.851,1.3707,67.726,0.95002,0.23965,0.01249,0.9909,0.20486,-13.435,3.7663,54.649,13.779,54.968,1.6668,60.366,6.0246,0.51472,0.076192,1.2155,0.51512
83,-2.4066,0.31485,46.191,0.8124,46.247,0.46414,36.38,0.27781,0.047093,0.0012784,1.5884,0.22553,-5.0226,2.7673,58.188,8.9013,51.689,2.3695,50.504,7.4869,0.11804,0.029644,1.3596,0.40295,-10.688,0.98987,56.968,15.297,56.05,1.4439,66.663,6.3327,0.22347,0.011415,1.4069,0.71378,-13.462,3.4075,49.71,15.626,55.003,1.4051,61.903,6.2346,0.49463,0.04817,1.5147,0.64731
84,-2.7424,0.32556,40.789,0.84199,45.925,0.47746,37.862,0.36232,0.04595,0.0010939,2.2275,0.065283,-4.9119,2.8476,53.516,9.719,51.922,2.7099,49.154,4.7962,0.10972,0.029739,1.4067,0.376,-10.516,0.87695,52.076,16.916,55.999,2.0318,67.222,13.998,0.21085,0.012344,1.2916,0.47196,-13.539,3.2106,44.338,17.424,54.71,1.7971,65.622,12.635,0.48185,0.040687,1.557,0.63973
85,-3.0641,0.34432,35.063,0.84419,45.377,0.44828,42.152,0.71961,0.045805,0.00059824,2.1014,0.015049,-4.9431,3.0107,48.457,10.543,51.891,3.1074,49.627,2.2409,0.103,0.029871,1.6643,0.48103,-10.448,0.85056,46.777,18.477,55.638,2.8538,69.462,22.677,0.20118,0.014006,1.3266,0.46704,-13.662,3.0293,38.596,19.142,54.09,2.547,71.599,21.486,0.47433,0.046067,1.5098,0.58295
86,-3.4124,0.34457,29.074,0.83987,44.647,0.42262,49.37,1.1363,0.048922,0.00039569,2.2636,0.015561,-5.0742,3.2535,43.052,11.348,51.628,3.5242,52.273,4.3915,0.097764,0.029891,1.682,0.53091,-10.489,0.90781,41.119,19.916,54.95,3.756,73.415,32.078,0.19392,0.015835,1.4352,0.3411,-13.863,2.9328,32.566,20.713,53.162,3.3897,79.706,31.694,0.47041,0.054264,1.5327,0.50348
87,-3.6906,0.3309,22.889,0.82301,43.71,0.39871,59.572,1.5349,0.053195,0.0005716,2.1811,0.014292,-5.2843,3.4968,37.355,12.111,51.12,3.8758,57.185,9.3204,0.093921,0.029701,1.7027,0.42026,-10.609,1.0212,35.169,21.139,53.959,4.6801,79.188,41.857,0.18867,0.017645,1.4788,0.28474,-14.085,2.9062,26.354,22.035,51.952,4.2021,89.819,42.694,0.46896,0.061935,1.492,0.38705
88,-3.8976,0.32106,16.608,0.78756,42.582,0.37046,72.524,1.8894,0.056984,0.00039178,2.1165,0.011268,-5.5398,3.7474,31.43,12.813,50.364,4.1905,64.389,15.031,0.091511,0.02905,1.6785,0.33889,-10.61,1.0865,29.175,21.756,52.729,5.4309,86.617,51.41,0.18526,0.019557,0.40727,1.7728,-14.241,2.9917,20.11,22.987,50.498,4.914,101.6,53.946,0.46931,0.068466,1.1333,0.25756
89,-4.0137,0.32009,10.365,0.73636,41.291,0.34105,87.85,2.191,0.059548,0.00014735,1.9604,0.018021,-5.8563,4.006,25.368,13.408,49.382,4.4875,73.656,21.075,0.091455,0.026672,1.7716,0.17754,-10.126,1.6461,24.303,19.827,51.724,5.1586,93.387,56.597,0.1839,0.022161,-0.63379,3.5708,-13.44,3.9182,15.288,22.276,49.382,4.8985,113.04,63.381,0.47087,0.073733,-2.8069,3.7466
90,-3.8542,0.39095,4.5095,0.5532,39.966,0.26235,104.83,2.387,0.061198,4.0586e-05,-0.14278,1.0144,-6.1073,4.227,19.273,13.837,48.189,4.7674,84.859,27.008,0.092518,0.024563,1.49,0.19664,-10.043,2.0737,20.026,16.392,50.734,4.2328,98.16,55.091,0.18288,0.023632,0.71177,1.014,-12.573,4.08,12.642,19.383,48.95,4.0496,119.08,66.529,0.47249,0.076945,-1.036,2.3938
91,-2.5206,0.38676,2.0397,0.066531,39.861,0.10066,117.78,1.5623,0.062006,0.00014045,-3.5021,0.80323,-5.9595,4.8623,13.828,13.309,47.027,4.611,96.833,31.842,0.094225,0.023927,-0.68329,3.4478,-10.034,2.5194,15.83,12.511,49.519,3.1321,102.72,50.429,0.18104,0.022223,0.81719,0.8879,-12.289,4.4345,10.603,15.652,48.537,2.8996,121.37,65.056,0.47102,0.07529,0.22673,0.93681
92,-1.9595,0.34956,1.764,0.050833,40.5,0.11236,123.06,1.319,0.061645,0.00033719,0.046456,0.051385,-5.7338,5.2869,9.6377,11.473,46.133,3.7782,106.6,32.067,0.09572,0.023604,-0.23994,1.2996,-10.046,2.979,11.622,8.5659,48.042,2.0152,107.41,43.522,0.17945,0.018668,0.83625,0.77662,-12.037,4.8748,8.6404,11.621,47.899,1.7492,122.31,60.907,0.46697,0.06966,0.35992,0.86053
93,-1.3551,0.34001,2.0075,0.070126,41.122,0.12324,125.65,1.2835,0.05895,0.00054786,0.039212,0.046055,-5.1661,4.8635,7.0012,8.7041,45.613,2.7982,113.21,29.389,0.096146,0.021916,-0.88882,2.5981,-10.027,3.369,7.4807,4.7473,46.334,0.94044,112.09,34.726,0.17849,0.013965,0.61928,0.61383,-11.805,5.3375,6.641,7.4972,46.992,1.0539,122.27,54.387,0.46171,0.061462,0.41517,0.80537
94,-0.83767,0.32502,2.3214,0.065075,41.527,0.12877,126.15,1.2576,0.055066,0.00054563,0.15419,0.0036644,-4.8085,4.9614,5.3556,5.7432,45.235,1.8612,116,24.748,0.095424,0.018933,-0.13495,0.19681,-9.6042,3.3376,4.0339,1.6397,44.651,0.2577,115.89,24.84,0.17803,0.010179,-1.2296,1.2756,-11.577,5.7763,4.6194,3.3936,45.822,1.6112,121.28,45.687,0.4561,0.052267,0.43693,0.7258
95,-0.39535,0.30969,2.6206,0.057032,41.682,0.13374,124.75,1.2297,0.050558,0.00047986,0.16071,0.013369,-4.5209,5.0432,4.0824,3.0075,44.72,1.0379,116.35,20.058,0.0936,0.016008,0.24438,0.50702,-8.7333,2.9087,2.4026,0.54006,43.479,0.4563,115.72,16.474,0.17742,0.0095873,-2.1321,1.9927,-11.011,5.6601,2.9822,0.13229,44.553,2.4725,119.14,35.372,0.45067,0.043003,-1.3793,2.5411
96,-0.050579,0.29612,2.8895,0.048708,41.593,0.13864,121.45,1.1922,0.04579,0.00038156,0.19706,0.0084436,-4.0604,5.0375,3.2457,1.0065,44.099,0.46685,114.58,16.015,0.091119,0.013736,-0.67016,1.3278,-8.1221,2.7988,2.2276,0.81229,42.7,0.53776,110.09,11.307,0.17543,0.011595,-0.5197,0.81004,-10.127,5.0318,2.646,1.0052,43.598,2.5061,113.38,28.013,0.44547,0.034405,-1.0439,2.0658
97,0.19794,0.28482,3.1231,0.040948,41.272,0.14547,116.34,1.1418,0.041035,0.00029414,0.22241,0.007591,-3.7049,5.0442,2.895,0.19133,43.418,0.26676,109.78,14.468,0.088168,0.012381,0.0015158,0.27149,-7.725,2.7338,2.4586,0.8142,41.866,0.83246,101.22,7.7703,0.17167,0.013359,0.04145,0.23411,-9.6888,4.9913,2.7713,1.1588,42.631,2.1787,103.85,24.053,0.43916,0.028444,0.022411,0.34112
98,0.35345,0.27715,3.3199,0.034544,40.721,0.15319,109.46,1.0844,0.036523,0.00028675,0.23898,0.0068071,-3.3087,5.0099,2.9368,0.51347,42.647,0.51596,102.41,14.583,0.084695,0.011716,-0.19432,0.69176,-7.3478,2.6602,2.7538,0.73692,40.837,1.2273,90.377,4.9296,0.16711,0.014268,0.14573,0.20876,-9.2993,4.9604,2.998,1.0763,41.488,1.7805,92.239,20.833,0.43168,0.025005,0.16773,0.2321
99,0.41888,0.2734,3.484,0.030315,39.946,0.15962,100.86,1.0283,0.032443,0.00037772,0.27987,0.0078888,-3.044,5.0023,3.1337,0.54768,41.707,0.88189,92.594,15.668,0.081015,0.01132,0.20972,0.088442,-7.0142,2.5906,3.0331,0.65055,39.6,1.6171,77.848,3.2513,0.16236,0.014651,0.23934,0.18907,-8.9403,4.9161,3.219,0.95438,40.133,1.4083,78.979,17.984,0.42386,0.023039,0.26808,0.20964
100,0.36006,0.27583,3.6273,0.026677,38.963,0.16622,90.515,0.96158,0.028925,0.00050878,0.82199,0.074661,-2.8563,4.9883,3.3484,0.5047,40.553,1.2414,80.874,17.071,0.077288,0.010928,0.59655,0.092341,-6.7481,2.5365,3.285,0.56738,38.173,1.9751,63.77,3.5837,0.15772,0.014668,0.56414,0.097945,-8.6449,4.8814,3.4192,0.82999,38.584,1.0929,64.232,15.568,0.41623,0.021982,0.61786,0.071338
