seed,factor,stage,walks,cost,duration_s,n_strides,fell,min_toe_clearance_mm,ankle_at_ic_deg,peak_swing_df_deg,foot_slap_index_dps,peak_hip_flexion_swing_deg,peak_knee_flexion_swing_deg,peak_ankle_power_w,stride_time_s,stance_pct,stride_length_m,min_toe_clearance_mm_sd,ankle_at_ic_deg_sd,peak_swing_df_deg_sd,foot_slap_index_dps_sd,peak_hip_flexion_swing_deg_sd,peak_knee_flexion_swing_deg_sd,peak_ankle_power_w_sd,stride_time_s_sd,stance_pct_sd,stride_length_m_sd,step_length_r_m,step_length_l_m,step_length_si_pct,stance_time_r_s,stance_time_l_s,stance_time_si_pct,speed_mps,cost_of_transport
1,0.1,grid,False,398.723,1.495,0,1,,,,,,,,,,,,,,,,,,,,,,,,,,,,
1,0.2,grid,False,96.4966,1.44,0,1,,,,,,,,,,,,,,,,,,,,,,,,,,,,
1,0.3,grid,False,96.2016,1.48,0,1,,,,,,,,,,,,,,,,,,,,,,,,,,,,
1,0.4,grid,False,96.1756,1.495,0,1,,,,,,,,,,,,,,,,,,,,,,,,,,,,
1,0.5,grid,False,96.274,1.505,0,1,,,,,,,,,,,,,,,,,,,,,,,,,,,,
1,0.6,grid,False,96.4516,1.505,0,1,,,,,,,,,,,,,,,,,,,,,,,,,,,,
1,0.7,grid,False,98.2374,1.365,0,1,,,,,,,,,,,,,,,,,,,,,,,,,,,,
1,0.8,grid,False,97.8865,1.43,0,1,,,,,,,,,,,,,,,,,,,,,,,,,,,,
1,0.9,grid,False,85.5306,2.735,0,1,,,,,,,,,,,,,,,,,,,,,,,,,,,,
1,1,grid,True,0.545881,10,4,0,36.6061,0.449068,0.520627,787.288,46.4422,75.74,127.268,1.35526,61.6829,1.57222,0.194306,0.0108062,0.00302284,14.4409,0.102301,0.178195,0.236478,0.00327909,0.0968494,0.00549533,0.764988,0.763236,0.229303,0.83596,0.835893,0.00795686,1.15985,5.45881
1,0.95,bisection,False,42.839,6.745,3,1,25.848,-0.599798,13.8315,519.54,38.2435,67.7098,113.472,0.926663,77.6276,0.914763,20.5726,1.42458,24.8437,445.389,17.3926,13.9798,23.2507,0.579626,19.613,0.807644,0.564795,0.759334,-29.3837,0.643732,0.760469,-16.6269,1.14954,5.56072
1,0.975,bisection,True,0.54562,10,4,0,36.1566,0.371418,0.433626,793.161,46.4092,75.6029,126.918,1.3557,61.7567,1.5735,0.23402,0.00881851,0.00223195,12.5258,0.0418972,0.0634045,0.866302,0.00363308,0.175037,0.00612262,0.765447,0.763116,0.304923,0.837233,0.83565,0.189292,1.15967,5.4562
1,0.9625,bisection,False,13.1896,9.41,4,1,37.388,0.193517,-0.203778,774.765,47.6256,75.9456,127.596,1.29742,64.2595,1.46516,3.57291,0.269608,0.808,29.9501,2.12109,0.538571,0.348401,0.0928521,4.12318,0.175698,0.751308,0.758532,-0.956953,0.830847,0.789911,5.05153,1.15868,5.5768
1,0.9688,bisection,True,0.545594,10,4,0,36.1188,0.366956,0.409146,794.788,46.385,75.5908,127.076,1.35552,61.7746,1.57237,0.231498,0.0092377,0.00445487,11.3079,0.0477399,0.0612026,0.668331,0.0028297,0.147286,0.0042714,0.765299,0.762854,0.319974,0.837364,0.835395,0.235398,1.15877,5.45594
2,0.1,grid,False,398.307,1.475,0,1,,,,,,,,,,,,,,,,,,,,,,,,,,,,
2,0.2,grid,False,96.418,1.43,0,1,,,,,,,,,,,,,,,,,,,,,,,,,,,,
2,0.3,grid,False,96.2044,1.46,0,1,,,,,,,,,,,,,,,,,,,,,,,,,,,,
2,0.4,grid,False,96.1832,1.48,0,1,,,,,,,,,,,,,,,,,,,,,,,,,,,,
2,0.5,grid,False,96.2871,1.485,0,1,,,,,,,,,,,,,,,,,,,,,,,,,,,,
2,0.6,grid,False,96.4357,1.485,0,1,,,,,,,,,,,,,,,,,,,,,,,,,,,,
2,0.7,grid,False,98.0628,1.265,0,1,,,,,,,,,,,,,,,,,,,,,,,,,,,,
2,0.8,grid,False,98.1672,1.37,0,1,,,,,,,,,,,,,,,,,,,,,,,,,,,,
2,0.9,grid,False,97.5378,1.46,0,1,,,,,,,,,,,,,,,,,,,,,,,,,,,,
2,1,grid,True,0.546708,10,4,0,36.2064,0.0548427,0.116546,781.718,46.6737,75.8151,125.289,1.35461,61.7912,1.56331,0.313314,0.0269414,0.00226739,9.50214,0.0432262,0.0515394,0.692314,0.00255115,0.131319,0.00241165,0.760739,0.759702,0.136393,0.837025,0.836634,0.0467167,1.15324,5.46708
2,0.95,bisection,False,91.1807,2.14,0,1,,,,,,,,,,,,,,,,,,,,,,,,,,,,
2,0.975,bisection,False,41.9109,6.85,2,1,,,,,,,,,,,,,,,,,,,,,,,,,,,,
2,0.9875,bisection,True,7.34494,10,4,0,35.0548,-0.00400373,-0.285498,781.176,46.9085,75.8728,125.217,1.33245,62.703,1.52502,1.35492,0.030527,0.651803,8.05721,0.325497,0.183487,1.0765,0.0314076,1.3289,0.0652641,0.757599,0.758707,-0.146197,0.835171,0.826714,1.01775,1.1554,5.57479
2,0.9812,bisection,False,28.1385,8.08,3,1,37.2483,-0.063293,-0.564131,770.922,47.882,75.8739,124.432,1.28661,65.0509,1.43124,3.21489,0.0725877,0.88165,15.0863,2.00011,0.23264,1.29261,0.100461,4.88239,0.203241,0.751101,0.757193,-0.807844,0.833683,0.779343,6.73765,1.15315,5.57233
3,0.1,grid,False,418.287,1.495,0,1,,,,,,,,,,,,,,,,,,,,,,,,,,,,
3,0.2,grid,False,96.3743,1.43,0,1,,,,,,,,,,,,,,,,,,,,,,,,,,,,
3,0.3,grid,False,96.1219,1.47,0,1,,,,,,,,,,,,,,,,,,,,,,,,,,,,
3,0.4,grid,False,96.0875,1.485,0,1,,,,,,,,,,,,,,,,,,,,,,,,,,,,
3,0.5,grid,False,96.2031,1.49,0,1,,,,,,,,,,,,,,,,,,,,,,,,,,,,
3,0.6,grid,False,96.3852,1.49,0,1,,,,,,,,,,,,,,,,,,,,,,,,,,,,
3,0.7,grid,False,97.9665,1.27,0,1,,,,,,,,,,,,,,,,,,,,,,,,,,,,
3,0.8,grid,False,97.8823,1.405,0,1,,,,,,,,,,,,,,,,,,,,,,,,,,,,
3,0.9,grid,False,96.4407,1.57,0,1,,,,,,,,,,,,,,,,,,,,,,,,,,,,
3,1,grid,True,0.544654,10,4,0,36.0229,0.576883,0.633878,777.279,45.8054,75.5197,126.29,1.35569,61.5174,1.58154,0.067703,0.0112681,0.00625911,11.5999,0.0856747,0.140481,0.273094,0.000520906,0.0282413,0.00192219,0.768343,0.766583,0.229299,0.833984,0.834702,-0.0860065,1.16595,5.44654
3,0.95,bisection,False,56.036,5.53,1,1,,,,,,,,,,,,,,,,,,,,,,,,,,,,
3,0.975,bisection,False,27.3737,8.035,3,1,39.0892,0.155102,-0.486873,733.239,47.351,75.3459,142.727,1.26918,65.2321,1.41423,7.78041,0.528469,0.998607,51.219,2.28806,0.287943,29.0266,0.110485,4.68765,0.216201,0.741948,0.754375,-1.66099,0.824457,0.782283,5.24964,1.16361,5.57696
3,0.9875,bisection,True,0.545833,10,4,0,35.164,0.525009,0.416,773.61,45.9222,75.4724,126.133,1.34358,61.9786,1.56439,0.53375,0.0264814,0.284416,9.54014,0.280998,0.142877,0.552316,0.0151199,0.535829,0.0216274,0.765176,0.767091,-0.25002,0.832668,0.829781,0.347382,1.16635,5.45833
3,0.9812,bisection,True,0.544465,10,4,0,35.4781,0.508204,0.527861,777.097,45.8136,75.4322,126.222,1.35097,61.7227,1.57464,0.279201,0.0143765,0.060673,8.57448,0.0681215,0.146036,0.371828,0.00564036,0.18681,0.00781146,0.767385,0.767373,0.00154926,0.833847,0.832965,0.105829,1.16591,5.44465
