condition,device,stage,seed,walks,cost,duration_s,min_toe_clearance_mm,peak_pushoff_power_w,fell,n_strides,ankle_at_ic_deg,peak_swing_df_deg,foot_slap_index_dps,peak_hip_flexion_swing_deg,peak_knee_flexion_swing_deg,peak_ankle_power_w,stride_time_s,stance_pct,stride_length_m,min_toe_clearance_mm_sd,ankle_at_ic_deg_sd,peak_swing_df_deg_sd,foot_slap_index_dps_sd,peak_hip_flexion_swing_deg_sd,peak_knee_flexion_swing_deg_sd,peak_ankle_power_w_sd,stride_time_s_sd,stance_pct_sd,stride_length_m_sd,step_length_r_m,step_length_l_m,step_length_si_pct,stance_time_r_s,stance_time_l_s,stance_time_si_pct,speed_mps,cost_of_transport,device_positive_work_j,device_negative_work_j,device_peak_power_w,device_peak_torque_nm
healthy,healthy,healthy,1,True,0.545881,10,36.6061,127.268,0,4,0.449068,0.520627,787.288,46.4422,75.74,127.268,1.35526,61.6829,1.57222,0.194306,0.0108062,0.00302284,14.4409,0.102301,0.178195,0.236478,0.00327909,0.0968494,0.00549533,0.764988,0.763236,0.229303,0.83596,0.835893,0.00795686,1.15985,5.45881,0,0,0,0
healthy,healthy,healthy,2,True,0.546708,10,36.2064,125.289,0,4,0.0548427,0.116546,781.718,46.6737,75.8151,125.289,1.35461,61.7912,1.56331,0.313314,0.0269414,0.00226739,9.50214,0.0432262,0.0515394,0.692314,0.00255115,0.131319,0.00241165,0.760739,0.759702,0.136393,0.837025,0.836634,0.0467167,1.15324,5.46708,0,0,0,0
healthy,healthy,healthy,3,True,0.544654,10,36.0229,126.29,0,4,0.576883,0.633878,777.279,45.8054,75.5197,126.29,1.35569,61.5174,1.58154,0.067703,0.0112681,0.00625911,11.5999,0.0856747,0.140481,0.273094,0.000520906,0.0282413,0.00192219,0.768343,0.766583,0.229299,0.833984,0.834702,-0.0860065,1.16595,5.44654,0,0,0,0
none_ta25,none,frozen,1,True,0.596261,10,51.5552,126.275,0,4,-6.68465,-6.44641,858.1,56.391,78.0285,126.275,1.37122,58.1362,1.77944,0.703503,0.35533,0.192258,40.781,0.272466,0.441651,0.841348,0.00265601,0.261891,0.0174666,0.818556,0.854337,-4.27775,0.797171,0.810965,-1.71556,1.29304,5.96261,0,0,0,0
none_ta25,none,reoptimized,1,True,0.588614,10,43.0303,126.416,0,4,-8.22356,-8.13847,835.586,54.2771,76.5194,126.416,1.37362,58.5504,1.76014,0.792478,0.145344,0.0870633,42.8202,0.177078,0.243753,1.12696,0.00170717,0.14302,0.00874756,0.812655,0.845697,-3.98491,0.804262,0.810202,-0.735873,1.28016,5.88614,0,0,0,0
none_ta25,none,frozen,2,True,0.695487,10,61.2788,126.769,0,4,-4.38559,-4.36813,798.59,57.0281,80.8495,126.769,1.36705,55.8212,1.78602,1.32579,0.049977,0.0525431,29.4747,0.116607,0.0347888,1.06797,0.00302387,0.190652,0.00688373,0.77869,0.881998,-12.4416,0.763106,0.804903,-5.33112,1.3054,6.28711,0,0,0,0
none_ta25,none,reoptimized,2,True,0.614419,10,64.3481,117.088,0,4,-3.37149,-3.21577,962.568,58.801,79.3473,117.088,1.37854,57.9189,1.78072,4.11053,0.23155,0.355353,83.2667,1.88509,1.10644,3.55181,0.0104202,0.673773,0.0186601,0.82789,0.845176,-2.06639,0.798388,0.808794,-1.29494,1.29523,6.14419,0,0,0,0
none_ta25,none,frozen,3,True,0.589757,10,56.7368,119.085,0,4,-9.42479,-9.40291,816.548,58.145,80.6431,119.085,1.39226,59.5451,1.74496,0.969321,0.137512,0.135306,33.5068,0.523681,0.334832,2.0166,0.00520414,0.26089,0.00614021,0.829285,0.837753,-1.01594,0.829019,0.818176,1.31653,1.25458,5.89757,0,0,0,0
none_ta25,none,reoptimized,3,True,0.580151,10,45.1435,129.023,0,4,-10.2133,-10.1463,855.129,56.5789,79.5874,129.023,1.39818,60.5725,1.74235,0.539206,0.109697,0.182364,44.8111,0.534421,0.351222,0.770547,0.00166573,0.300635,0.00917006,0.835649,0.830697,0.594357,0.846911,0.812395,4.16024,1.24575,5.80151,0,0,0,0
passive_ta25_k160,passive,frozen,1,False,65.3736,5.025,,,1,1,,,,,,,,,,,,,,,,,,,,,,,,,,,,,,,
passive_ta25_k160,passive,reoptimized,1,True,0.711934,10,57.0836,221.089,0,5,-0.127431,4.78519,475.891,58.8028,82.8848,122.763,1.38448,55.2188,1.79844,4.42939,0.223386,0.106857,87.6746,2.52321,1.34616,22.1055,0.0441592,0.860034,0.0508622,0.773202,0.901804,-15.3554,0.764583,0.848956,-10.4581,1.28207,6.49558,14.117,-14.4019,493.399,37.4787
passive_ta25_k160,passive,frozen,2,True,0.733833,10,53.2726,136.316,0,5,-0.598273,-0.172516,502.589,53.8956,82.9534,91.8947,1.39577,53.6652,1.68407,0.822624,0.00460532,0.00823043,26.2536,0.222523,0.102835,1.38982,0.00763418,0.256784,0.0121074,0.718964,0.864164,-18.3434,0.749057,0.848618,-12.4633,1.2055,6.37586,5.30268,-5.33881,127.625,28.7563
passive_ta25_k160,passive,reoptimized,2,True,0.547678,10,45.4473,172.154,0,5,-1.22576,-0.934738,421.128,48.0617,77.6103,107.678,1.35286,58.3299,1.65238,0.550542,0.0179832,0.0200183,32.7197,0.232179,0.195413,2.95468,0.0095122,0.190867,0.0186921,0.748752,0.845426,-12.1284,0.78912,0.818862,-3.69936,1.22211,5.47678,10.0551,-10.107,172.154,36.2295
passive_ta25_k160,passive,frozen,3,False,80.2523,3.81,,,1,1,,,,,,,,,,,,,,,,,,,,,,,,,,,,,,,
passive_ta25_k160,passive,reoptimized,3,True,0.652235,10,49.9895,233.48,0,5,-0.354573,0.830448,458.191,53.2837,79.4595,107.651,1.41639,59.4469,1.70982,7.77907,0.371702,2.05711,187.495,4.39576,3.94406,24.9333,0.0480277,1.72822,0.0568487,0.829001,0.800482,3.50035,0.842213,0.829124,1.56625,1.22279,6.01352,12.6103,-12.7,343.747,42.0946
active_ta25_t10,active,frozen,1,False,50.0863,5.83,,,1,1,,,,,,,,,,,,,,,,,,,,,,,,,,,,,,,
active_ta25_t10,active,reoptimized,1,True,0.571713,10,43.6076,134.85,0,4,3.73527,3.82393,854.811,47.6256,69.8477,134.85,1.44442,57.4235,1.69827,0.708132,0.0209722,0.015933,18.3537,0.466407,0.258565,6.32137,0.0029001,0.209894,0.0146563,0.815854,0.818909,-0.37377,0.829439,0.876151,-5.4776,1.18077,5.71713,4.57168,-3.29787,109.616,13.5637
active_ta25_t10,active,frozen,2,False,15.0444,9.005,56.2043,,1,3,3.71342,4.03177,897.629,58.2839,82.4775,168.911,1.35292,57.1659,1.8058,3.87486,0.298255,0.17425,464.781,0.442449,4.67495,36.8624,0.053856,3.34585,0.143688,0.758848,0.831507,-9.13746,0.772646,0.792875,-2.58435,1.2862,6.61887,,,,
active_ta25_t10,active,reoptimized,2,True,0.56527,10,55.2498,130.616,0,4,3.95752,3.98519,768.385,50.1916,77.9145,130.616,1.36852,61.1096,1.58724,2.28145,0.0326915,0.0360704,40.9761,0.204221,0.540328,3.09146,0.00267405,0.205986,0.0394423,0.771942,0.788467,-2.11801,0.836297,0.821718,1.75857,1.16735,5.6527,3.22238,-4.35457,89.0309,13.4632
active_ta25_t10,active,frozen,3,False,61.1403,4.89,,,1,1,,,,,,,,,,,,,,,,,,,,,,,,,,,,,,,
active_ta25_t10,active,reoptimized,3,True,0.552502,10,53.6514,132.752,0,4,3.48955,3.51106,876.972,52.1732,78.1979,132.752,1.34643,60.5794,1.63442,1.38933,0.02379,0.0255199,37.3597,0.204176,0.434281,1.74115,0.0142172,0.343294,0.00968233,0.809693,0.783049,3.34565,0.81563,0.816436,-0.0987842,1.2123,5.52502,3.495,-4.81637,101.748,13.5992
