condition,device,setting,value,seed,walks,cost,duration_s,min_toe_clearance_mm,peak_pushoff_power_w,fell,n_strides,ankle_at_ic_deg,peak_swing_df_deg,foot_slap_index_dps,peak_hip_flexion_swing_deg,peak_knee_flexion_swing_deg,peak_ankle_power_w,stride_time_s,stance_pct,stride_length_m,min_toe_clearance_mm_sd,ankle_at_ic_deg_sd,peak_swing_df_deg_sd,foot_slap_index_dps_sd,peak_hip_flexion_swing_deg_sd,peak_knee_flexion_swing_deg_sd,peak_ankle_power_w_sd,stride_time_s_sd,stance_pct_sd,stride_length_m_sd,step_length_r_m,step_length_l_m,step_length_si_pct,stance_time_r_s,stance_time_l_s,stance_time_si_pct,speed_mps,cost_of_transport,device_positive_work_j,device_negative_work_j,device_peak_power_w,device_peak_torque_nm
none_ta25,none,,0,1,True,0.596261,10,51.5552,126.275,0,4,-6.68465,-6.44641,858.1,56.391,78.0285,126.275,1.37122,58.1362,1.77944,0.703503,0.35533,0.192258,40.781,0.272466,0.441651,0.841348,0.00265601,0.261891,0.0174666,0.818556,0.854337,-4.27775,0.797171,0.810965,-1.71556,1.29304,5.96261,0,0,0,0
none_ta25,none,,0,2,True,0.695487,10,61.2788,126.769,0,4,-4.38559,-4.36813,798.59,57.0281,80.8495,126.769,1.36705,55.8212,1.78602,1.32579,0.049977,0.0525431,29.4747,0.116607,0.0347888,1.06797,0.00302387,0.190652,0.00688373,0.77869,0.881998,-12.4416,0.763106,0.804903,-5.33112,1.3054,6.28711,0,0,0,0
none_ta25,none,,0,3,True,0.589757,10,56.7368,119.085,0,4,-9.42479,-9.40291,816.548,58.145,80.6431,119.085,1.39226,59.5451,1.74496,0.969321,0.137512,0.135306,33.5068,0.523681,0.334832,2.0166,0.00520414,0.26089,0.00614021,0.829285,0.837753,-1.01594,0.829019,0.818176,1.31653,1.25458,5.89757,0,0,0,0
passive_ta25_k10,passive,k10,10,1,False,77.4261,3.285,,,1,0,,,,,,,,,,,,,,,,,,,,,,,,,,,,,,,
passive_ta25_k10,passive,k10,10,2,True,0.712439,10,63.6957,137.761,0,4,-2.23366,-2.16951,869.439,59.7508,84.3894,138.156,1.33955,53.9824,1.81865,4.23512,0.0998772,0.0376744,27.5779,0.509018,0.0566357,1.85282,0.0153993,0.502891,0.0100159,0.755415,0.926345,-20.3275,0.723181,0.807247,-10.9859,1.35765,6.43423,3.10501,-3.14077,83.0334,6.70534
passive_ta25_k10,passive,k10,10,3,False,81.3899,2.7,,,1,0,,,,,,,,,,,,,,,,,,,,,,,,,,,,,,,
passive_ta25_k20,passive,k20,20,1,False,96.0404,1.495,,,1,0,,,,,,,,,,,,,,,,,,,,,,,,,,,,,,,
passive_ta25_k20,passive,k20,20,2,True,0.672313,10,56.2945,120.407,0,4,-1.6009,-1.45194,902.393,52.738,75.6197,120.532,1.40985,57.8537,1.70966,4.39799,0.0564766,0.0597005,53.5595,0.748994,0.519337,4.89775,0.0105089,0.801982,0.0270083,0.814493,0.781608,4.12068,0.815605,0.798257,2.14986,1.20841,6.13207,2.20285,-2.22397,35.4766,6.30502
passive_ta25_k20,passive,k20,20,3,False,91.5723,1.815,,,1,0,,,,,,,,,,,,,,,,,,,,,,,,,,,,,,,
passive_ta25_k40,passive,k40,40,1,False,74.2438,4.125,,,1,0,,,,,,,,,,,,,,,,,,,,,,,,,,,,,,,
passive_ta25_k40,passive,k40,40,2,True,0.681181,10,59.8684,118.676,0,5,-1.22112,-0.769941,812.903,52.7434,77.3315,118.855,1.41196,56.9074,1.70493,5.61844,0.0886807,0.0443836,45.2504,0.833168,0.527723,3.22307,0.0130985,0.719675,0.0244649,0.795998,0.802323,-0.791499,0.803484,0.811326,-0.97129,1.20573,6.15731,3.50204,-3.47723,64.1515,11.2356
passive_ta25_k40,passive,k40,40,3,False,97.6619,1.29,,,1,0,,,,,,,,,,,,,,,,,,,,,,,,,,,,,,,
passive_ta25_k80,passive,k80,80,1,False,58.2536,5.49,,,1,1,,,,,,,,,,,,,,,,,,,,,,,,,,,,,,,
passive_ta25_k80,passive,k80,80,2,True,0.697255,10,62.4677,113.686,0,5,-0.919361,-0.389014,664.998,52.9133,79.6225,110.274,1.41107,55.8328,1.69096,3.77278,0.0267305,0.0117495,22.9609,0.270539,0.33377,3.13862,0.00900818,0.308233,0.0115572,0.7689,0.821794,-6.65047,0.787834,0.826374,-4.77507,1.19838,6.22746,5.07889,-5.10148,102.155,19.4544
passive_ta25_k80,passive,k80,80,3,False,79.5713,3.72,,,1,0,,,,,,,,,,,,,,,,,,,,,,,,,,,,,,,
passive_ta25_k160,passive,k160,160,1,False,65.3736,5.025,,,1,1,,,,,,,,,,,,,,,,,,,,,,,,,,,,,,,
passive_ta25_k160,passive,k160,160,2,True,0.733833,10,53.2726,136.316,0,5,-0.598273,-0.172516,502.589,53.8956,82.9534,91.8947,1.39577,53.6652,1.68407,0.822624,0.00460532,0.00823043,26.2536,0.222523,0.102835,1.38982,0.00763418,0.256784,0.0121074,0.718964,0.864164,-18.3434,0.749057,0.848618,-12.4633,1.2055,6.37586,5.30268,-5.33881,127.625,28.7563
passive_ta25_k160,passive,k160,160,3,False,80.2523,3.81,,,1,1,,,,,,,,,,,,,,,,,,,,,,,,,,,,,,,
active_ta25_t0,active,t0,0,1,False,37.4401,6.975,,,1,2,,,,,,,,,,,,,,,,,,,,,,,,,,,,,,,
active_ta25_t0,active,t0,0,2,False,48.8873,5.855,,,1,2,,,,,,,,,,,,,,,,,,,,,,,,,,,,,,,
active_ta25_t0,active,t0,0,3,False,83.4049,2.59,,,1,0,,,,,,,,,,,,,,,,,,,,,,,,,,,,,,,
active_ta25_t5,active,t5,5,1,False,27.448,7.92,52.5409,,1,3,-6.49236,-1.20907,859.968,58.1557,81.7156,144.453,1.24149,61.0156,1.56916,8.05055,1.38838,3.20484,271.698,3.43139,3.84958,46.486,0.161527,7.00603,0.378039,0.783973,0.818093,-4.25943,0.75045,0.726439,3.25149,1.333,6.1132,,,,
active_ta25_t5,active,t5,5,2,False,82.6215,2.72,,,1,0,,,,,,,,,,,,,,,,,,,,,,,,,,,,,,,
active_ta25_t5,active,t5,5,3,False,83.4362,2.61,,,1,0,,,,,,,,,,,,,,,,,,,,,,,,,,,,,,,
active_ta25_t10,active,t10,10,1,False,50.0863,5.83,,,1,1,,,,,,,,,,,,,,,,,,,,,,,,,,,,,,,
active_ta25_t10,active,t10,10,2,False,15.0444,9.005,56.2043,,1,3,3.71342,4.03177,897.629,58.2839,82.4775,168.911,1.35292,57.1659,1.8058,3.87486,0.298255,0.17425,464.781,0.442449,4.67495,36.8624,0.053856,3.34585,0.143688,0.758848,0.831507,-9.13746,0.772646,0.792875,-2.58435,1.2862,6.61887,,,,
active_ta25_t10,active,t10,10,3,False,61.1403,4.89,,,1,1,,,,,,,,,,,,,,,,,,,,,,,,,,,,,,,
