percent,ta_moment_healthy_nm,ta_moment_weak_nm,requirement_nm,ankle_model_rad,ankle_normative_rad
0,3.9145,4.4988,0,0.0062878,0.059224
1,8.211,7.1051,1.327,-0.044648,0.038715
2,10.965,6.6694,5.1544,-0.18093,0.019036
3,12.226,1.6511,12.69,-0.34876,0.0043923
4,2.537,1.9376,0.71925,-0.28902,-0.003339
5,6.13,2.8471,3.9395,-0.21001,-0.0030622
6,8.7,3.4592,6.2888,-0.13738,0.0041677
7,10.395,3.8885,7.8084,-0.078339,0.017019
8,14.607,3.6848,13.106,-0.049614,0.033772
9,13.857,3.2085,12.778,-0.028095,0.052735
10,12.142,2.7509,11.27,-0.0079917,0.0724
11,9.9814,2.3837,9.1172,0.01074,0.091939
12,8.1302,2.0697,7.2727,0.028405,0.11048
13,6.7663,1.7894,5.9722,0.044074,0.12789
14,5.6381,1.5415,4.9159,0.058528,0.14377
15,4.7522,1.3311,4.1054,0.071847,0.15822
16,4.0434,1.1615,3.4584,0.084184,0.17121
17,3.5009,1.0259,2.97,0.095433,0.18289
18,3.0715,0.91885,2.5832,0.10558,0.19347
19,2.7357,0.83617,2.2795,0.11461,0.20296
20,2.4622,0.77483,2.0248,0.1226,0.21159
21,2.2419,0.73091,1.8132,0.1296,0.21951
22,2.0671,0.7013,1.6389,0.13564,0.22684
23,1.9268,0.68483,1.4903,0.14077,0.23372
24,1.8132,0.68138,1.3582,0.14505,0.2403
25,1.7207,0.66467,1.2673,0.14857,0.24665
26,1.6477,0.61038,1.2448,0.15136,0.25295
27,1.5915,0.58097,1.2126,0.15348,0.25929
28,1.5475,0.60362,1.1327,0.15495,0.26576
29,1.5143,0.64783,1.0398,0.15584,0.27245
30,1.4955,0.64976,1.0149,0.15614,0.27934
31,1.4992,0.60551,1.0724,0.1557,0.28644
32,1.5337,0.57778,1.1471,0.15426,0.29365
33,1.6095,0.56804,1.2497,0.15138,0.30102
34,1.6233,0.55522,1.2817,0.14716,0.30842
35,1.262,0.53762,0.86921,0.14653,0.31585
36,0.99804,0.51943,0.57434,0.14994,0.3232
37,0.80728,0.48074,0.39185,0.15593,0.3305
38,0.66955,0.48313,0.2237,0.16377,0.3376
39,0.56049,0.51688,0.052329,0.17301,0.34441
40,0.45053,0.56004,0,0.18359,0.35081
41,0.29339,0.59595,0,0.19654,0.3568
42,0.30129,0.65642,0,0.20936,0.36202
43,0.40502,0.77243,0,0.22047,0.36629
44,0.53371,0.92644,0,0.22954,0.36938
45,0.63319,1.111,0,0.23697,0.37114
46,0.70654,1.3302,0,0.24321,0.37092
47,0.7842,1.5853,0,0.24828,0.36851
48,0.90929,1.8743,0,0.25164,0.36322
49,1.0582,2.1909,0,0.25286,0.35465
50,1.2116,2.5209,0,0.2519,0.34215
51,1.366,2.8034,0,0.2487,0.3246
52,1.4398,2.9917,0,0.24415,0.30133
53,1.5132,3.3197,0,0.23867,0.27145
54,1.7146,3.7345,0,0.23109,0.23455
55,1.645,4.2749,0,0.22216,0.19099
56,1.819,4.8952,0,0.21317,0.14187
57,2.2147,5.6049,0,0.19837,0.088802
58,2.7137,6.2258,0,0.17536,0.034446
59,3.3438,6.6496,0,0.14156,-0.01793
60,4.0926,7.0143,0,0.094165,-0.065085
61,5.0103,7.3608,0,0.029139,-0.10379
62,5.7744,7.266,0,-0.055513,-0.13178
63,5.8954,7.3472,0,-0.14733,-0.14784
64,9.2699,7.4302,2.2077,-0.20577,-0.15205
65,10.034,7.1644,3.444,-0.20402,-0.14578
66,11.219,6.9377,5.1377,-0.18204,-0.13132
67,11.456,8.8114,3.1734,-0.15626,-0.11115
68,11.328,8.3665,3.5535,-0.12871,-0.08756
69,14.078,7.9518,7.3515,-0.11869,-0.062471
70,13.02,8.4515,5.4818,-0.10478,-0.037216
71,12.24,8.3816,4.6302,-0.092308,-0.012783
72,11.3,6.4943,5.7663,-0.08022,0.010284
73,10.504,6.2914,5.0545,-0.069401,0.031681
74,9.8006,6.1858,4.3377,-0.059844,0.05128
75,9.1821,4.7248,5.3487,-0.051725,0.068738
76,8.6347,4.6931,4.7299,-0.045133,0.084182
77,8.1469,6.2023,2.3335,-0.040134,0.097391
78,7.7114,7.4632,0.29785,-0.036749,0.10837
79,7.3244,7.5964,0,-0.034939,0.11713
80,6.9941,7.2862,0,-0.034634,0.12369
81,6.7337,6.9921,0,-0.035826,0.12816
82,6.5299,6.7327,0,-0.038361,0.13057
83,6.3883,6.5821,0,-0.042003,0.13108
84,6.4779,6.3818,0.11532,-0.047865,0.12983
85,6.3791,6.2338,0.17433,-0.053479,0.12709
86,6.6459,6.1424,0.6043,-0.059557,0.12323
87,6.9951,6.0698,1.1104,-0.064414,0.11869
88,7.335,5.7734,1.874,-0.068026,0.1139
89,7.4749,5.1776,2.7567,-0.070052,0.10941
90,6.6881,5.3611,1.5925,-0.067269,0.10572
91,4.5544,5.4376,0,-0.043993,0.10309
92,5.7618,5.454,0.36927,-0.034199,0.10174
93,5.638,5.4013,0.28399,-0.023651,0.10144
94,5.4855,4.9201,0.67839,-0.01462,0.10186
95,5.2389,4.3667,1.0467,-0.0069002,0.10204
96,4.9654,4.453,0.61489,-0.00088276,0.10092
97,4.6582,4.58,0.093881,0.0034546,0.097049
98,4.331,4.5624,0,0.0061689,0.089169
99,4.012,4.5119,0,0.0073109,0.076608
100,3.8941,4.4889,0,0.0062843,0.059388
