ratio,stiffness,energy_j,energy_regen_j,peak_power_w,peak_speed,rms_current,peak_current,peak_voltage,speed_ok,current_ok,voltage_ok,ok
20,50,29.778,29.343,395.96,436.97,5.5348,28.478,20.495,True,False,True,False
20,58.307,27.876,27.519,323.09,376.35,5.3543,24.601,18.174,True,False,True,False
20,67.995,26.752,26.477,277.64,324.37,5.2541,21.277,16.184,True,False,True,False
20,79.292,27.761,27.549,256.52,279.79,5.3913,20.084,15.062,True,False,True,False
20,92.466,28.321,28.155,255.9,241.56,5.4697,20.446,14.391,True,False,True,False
20,107.83,28.711,28.547,258.63,208.78,5.5207,20.441,13.95,True,False,True,False
20,125.74,29.466,29.318,260.96,180.68,5.6099,20.437,13.571,True,False,True,False
20,146.63,29.372,29.264,263.68,156.57,5.608,20.433,13.324,True,False,True,False
20,171,29.377,29.31,267.85,135.9,5.6161,20.53,13.238,True,False,True,False
20,199.41,29.461,29.415,271.45,118.18,5.63,20.615,13.259,True,False,True,False
20,232.54,29.583,29.536,275.04,102.98,5.6451,20.688,13.384,True,False,True,False
20,271.17,29.684,29.637,279.62,89.943,5.6576,20.75,13.505,True,False,True,False
20,316.23,29.757,29.709,283.58,80.377,5.6669,20.859,13.608,True,False,True,False
20,368.77,29.562,29.514,286.99,80.378,5.6469,20.974,13.697,True,False,True,False
20,430.04,29.659,29.611,289.93,80.378,5.6581,21.073,13.773,True,False,True,False
20,501.48,29.75,29.702,292.47,80.378,5.6686,21.159,13.838,True,False,True,False
20,584.8,29.756,29.708,294.65,80.378,5.6697,21.231,13.894,True,False,True,False
20,681.97,29.409,29.361,296.53,80.378,5.6326,21.294,13.942,True,False,True,False
20,795.27,29.479,29.43,298.15,80.378,5.6402,21.348,13.983,True,False,True,False
20,927.4,29.541,29.493,299.54,80.378,5.6468,21.394,14.018,True,False,True,False
20,1081.5,29.596,29.547,300.73,80.378,5.6527,21.433,14.049,True,False,True,False
20,1261.2,29.644,29.596,301.76,80.378,5.6579,21.467,14.075,True,False,True,False
20,1470.7,29.687,29.638,302.64,80.378,5.6624,21.496,14.097,True,False,True,False
20,1715.1,29.715,29.666,303.54,80.378,5.6654,21.521,14.116,True,False,True,False
20,2000,29.747,29.698,304.37,80.378,5.6689,21.542,14.132,True,False,True,False
20,inf,29.947,29.897,309.35,80.379,5.6901,21.738,14.231,True,False,True,False
25,50,29.3,28.512,689.58,546.21,5.4387,35.224,27.048,True,False,False,False
25,58.307,25.274,24.737,450.11,470.43,5.0255,30.379,22.4,True,False,True,False
25,67.995,22.599,22.211,323.68,405.46,4.7329,26.224,18.414,True,False,True,False
25,79.292,21.869,21.549,244.89,349.74,4.6649,22.661,15.848,True,False,True,False
25,92.466,21.265,20.991,199.84,301.95,4.6048,19.605,14.018,True,False,True,False
25,107.83,20.815,20.593,183.59,260.98,4.5617,16.985,13.122,True,False,True,False
25,125.74,20.819,20.637,170.16,225.85,4.5739,16.38,12.432,True,False,True,False
25,146.63,20.461,20.302,172.16,195.71,4.5342,16.375,11.935,True,False,True,False
25,171,20.281,20.125,173.88,169.88,4.5146,16.372,11.587,True,False,True,False
25,199.41,20.208,20.063,175.35,147.72,4.5096,16.368,11.289,True,False,True,False
25,232.54,20.178,20.062,177.33,128.72,4.5121,16.38,11.123,True,False,True,False
25,271.17,20.172,20.082,180,112.43,4.517,16.458,11.054,True,False,True,False
25,316.23,20.178,20.103,182.31,100.47,4.5217,16.525,11.092,True,False,True,False
25,368.77,20.078,20.003,184.79,100.47,4.5094,16.582,11.203,True,False,True,False
25,430.04,20.142,20.066,187.75,100.47,4.519,16.632,11.298,True,False,True,False
25,501.48,20.208,20.132,190.3,100.47,4.5287,16.734,11.379,True,False,True,False
25,584.8,20.221,20.144,192.5,100.47,4.5309,16.825,11.449,True,False,True,False
25,681.97,20.016,19.939,194.4,100.47,4.5037,16.903,11.509,True,False,True,False
25,795.27,20.076,19.999,196.03,100.47,4.5118,16.97,11.56,True,False,True,False
25,927.4,20.131,20.054,197.44,100.47,4.5192,17.028,11.605,True,False,True,False
25,1081.5,20.181,20.104,198.65,100.47,4.5258,17.077,11.642,True,False,True,False
25,1261.2,20.226,20.148,199.69,100.47,4.5317,17.119,11.675,True,False,True,False
25,1470.7,20.265,20.187,200.58,100.47,4.537,17.156,11.703,True,False,True,False
25,1715.1,20.294,20.216,201.35,100.47,4.5408,17.187,11.726,True,False,True,False
25,2000,20.325,20.246,202.01,100.47,4.5449,17.213,11.747,True,False,True,False
25,inf,20.522,20.442,206.99,100.47,4.5709,17.438,11.87,True,False,True,False
30,50,33.979,32.767,1217,655.45,5.8897,42.026,34.637,True,False,False,False
30,58.307,27.607,26.692,831.6,564.52,5.2521,36.211,29.059,True,False,False,False
30,67.995,23.115,22.448,559.26,486.55,4.7595,31.225,24.276,True,False,False,False
30,79.292,20.652,20.173,368.51,419.68,4.4791,26.95,20.174,True,False,True,False
30,92.466,18.838,18.489,255.65,362.35,4.2595,23.283,16.657,True,False,True,False
30,107.83,17.601,17.299,189.49,313.18,4.0977,20.139,13.641,True,False,True,False
30,125.74,16.944,16.68,150.13,271.01,4.0127,17.443,12.335,True,False,True,False
30,146.63,16.227,15.997,137.81,234.86,3.9139,15.131,11.626,True,False,True,False
30,171,15.754,15.555,127.6,203.85,3.8498,13.671,11.017,True,False,True,False
30,199.41,15.471,15.295,126.04,177.27,3.8128,13.667,10.533,True,False,True,False
30,232.54,15.324,15.15,127.31,154.47,3.7928,13.664,10.226,True,False,True,False
30,271.17,15.239,15.07,128.39,134.91,3.7826,13.661,9.9628,True,False,True,False
30,316.23,15.172,15.02,129.44,120.57,3.7769,13.658,9.7713,True,False,True,False
30,368.77,15.07,14.94,131.44,120.57,3.7655,13.72,9.7111,True,False,True,False
30,430.04,15.073,14.962,133.16,120.57,3.7704,13.779,9.7119,True,False,True,False
30,501.48,15.108,14.998,134.68,120.57,3.7772,13.83,9.797,True,False,True,False
30,584.8,15.112,15.001,136.91,120.57,3.7784,13.873,9.8809,True,False,True,False
30,681.97,14.975,14.864,138.83,120.57,3.7568,13.951,9.9529,True,False,True,False
30,795.27,15.024,14.912,140.48,120.57,3.7645,14.032,10.015,True,False,True,False
30,927.4,15.07,14.958,141.91,120.57,3.772,14.101,10.067,True,False,True,False
30,1081.5,15.114,15.001,143.14,120.57,3.7789,14.16,10.113,True,False,True,False
30,1261.2,15.153,15.041,144.2,120.57,3.7852,14.211,10.152,True,False,True,False
30,1470.7,15.19,15.077,145.12,120.57,3.7909,14.254,10.185,True,False,True,False
30,1715.1,15.217,15.104,145.9,120.57,3.7953,14.292,10.214,True,False,True,False
30,2000,15.247,15.133,146.57,120.57,3.7999,14.324,10.238,True,False,True,False
30,inf,15.441,15.323,151.43,120.57,3.8302,14.58,10.386,True,False,True,False
35,50,41.959,40.238,1855,764.69,6.6097,48.889,41.943,True,False,False,False
35,58.307,32.732,31.482,1297.1,658.61,5.7747,42.076,35.436,True,False,False,False
35,67.995,26.216,25.251,897.92,567.64,5.1004,36.259,29.855,True,False,False,False
35,79.292,22.045,21.304,613.8,489.63,4.6263,31.27,25.07,True,False,False,False
35,92.466,18.982,18.427,412.97,422.74,4.2475,26.993,20.966,True,False,True,False
35,107.83,16.8,16.382,272.24,365.37,3.9566,23.324,17.447,True,False,True,False
35,125.74,15.419,15.086,191.73,316.18,3.7612,20.179,14.43,True,False,True,False
35,146.63,14.286,13.987,142.54,274,3.5864,17.481,11.842,True,False,True,False
35,171,13.504,13.235,116.13,237.83,3.4625,15.168,11.036,True,False,True,False
35,199.41,12.991,12.747,106.89,206.81,3.3806,13.185,10.427,True,False,True,False
35,232.54,12.653,12.433,99.234,180.21,3.3277,11.738,9.9049,True,False,True,False
35,271.17,12.436,12.232,98.675,157.4,3.2939,11.734,9.503,True,False,True,False
35,316.23,12.296,12.096,99.604,140.66,3.2714,11.731,9.2398,True,False,True,False
35,368.77,12.195,11.996,100.4,140.66,3.2546,11.729,9.0141,True,False,True,False
35,430.04,12.157,11.97,101.24,140.66,3.2512,11.729,8.8609,True,False,True,False
35,501.48,12.139,11.97,102.74,140.66,3.2525,11.788,8.8093,True,False,True,False
35,584.8,12.109,11.955,104.04,140.66,3.2505,11.838,8.8186,True,False,True,False
35,681.97,12,11.849,105.23,140.66,3.2313,11.882,8.9007,True,False,True,False
35,795.27,12.034,11.883,106.91,140.66,3.2377,11.919,8.972,True,False,True,False
35,927.4,12.07,11.919,108.36,140.66,3.2443,11.996,9.0331,True,False,True,False
35,1081.5,12.106,11.954,109.62,140.66,3.2509,12.065,9.0854,True,False,True,False
35,1261.2,12.141,11.988,110.7,140.66,3.2573,12.125,9.1304,True,False,True,False
35,1470.7,12.174,12.02,111.64,140.66,3.2631,12.175,9.1689,True,False,True,False
35,1715.1,12.2,12.045,112.44,140.66,3.2678,12.219,9.202,True,False,True,False
35,2000,12.227,12.071,113.13,140.66,3.2727,12.256,9.2307,True,False,True,False
35,inf,12.417,12.256,117.97,140.66,3.3067,12.546,9.4029,True,False,True,False
40,50,52.541,50.142,2599,873.93,7.4587,58.111,49.073,True,False,False,False
40,58.307,40.067,38.314,1842.1,752.69,6.4481,48.688,41.635,True,False,False,False
40,67.995,31.103,29.813,1296.4,648.73,5.6128,41.312,35.258,True,False,False,False
40,79.292,25.043,24.06,904.54,559.58,4.9709,35.611,29.789,True,False,False,False
40,92.466,20.658,19.879,624.44,483.13,4.4465,30.722,25.099,True,False,False,False
40,107.83,17.502,16.889,425.37,417.57,4.0303,26.53,21.077,True,False,True,False
40,125.74,15.342,14.867,284.9,361.35,3.7225,22.935,17.629,True,False,True,False
40,146.63,13.668,13.288,186.68,313.14,3.463,19.852,14.671,True,False,True,False
40,171,12.515,12.18,138.85,271.8,3.2693,17.209,12.135,True,False,True,False
40,199.41,11.738,11.429,103.64,236.35,3.1322,14.942,10.568,True,True,True,True
40,232.54,11.208,10.922,92.061,205.95,3.0368,12.998,9.9716,True,True,True,True
40,271.17,10.846,10.581,85.179,179.89,2.9715,11.331,9.46,True,True,True,True
40,316.23,10.591,10.343,80.337,160.75,2.9256,10.289,9.0213,True,True,True,True
40,368.77,10.439,10.197,81.134,160.76,2.8971,10.287,8.729,True,True,True,True
40,430.04,10.356,10.115,81.817,160.76,2.8816,10.284,8.5078,True,True,True,True
40,501.48,10.312,10.074,82.402,160.76,2.8744,10.282,8.3182,True,True,True,True
40,584.8,10.259,10.033,83.304,160.76,2.8668,10.305,8.2306,True,True,True,True
40,681.97,10.15,9.9386,84.438,160.76,2.8474,10.355,8.1872,True,True,True,True
40,795.27,10.156,9.9561,85.415,160.76,2.8511,10.398,8.2447,True,True,True,True
40,927.4,10.177,9.9797,86.521,160.76,2.8561,10.434,8.3145,True,True,True,True
40,1081.5,10.205,10.006,87.805,160.76,2.8618,10.485,8.3744,True,True,True,True
40,1261.2,10.234,10.033,88.913,160.76,2.8676,10.553,8.4257,True,True,True,True
40,1470.7,10.261,10.06,89.869,160.76,2.8732,10.611,8.4698,True,True,True,True
40,1715.1,10.284,10.082,90.693,160.76,2.8779,10.66,8.5075,True,True,True,True
40,2000,10.309,10.106,91.402,160.76,2.8829,10.703,8.5399,True,True,True,True
40,inf,10.494,10.284,96.306,160.76,2.92,11.028,8.7347,True,True,True,True
45,50,65.239,62.105,3446.5,983.17,8.3705,67.1,56.084,True,False,False,False
45,58.307,49.133,46.807,2464.1,846.78,7.1985,56.499,47.717,True,False,False,False
45,67.995,37.491,35.748,1752.5,729.82,6.2171,47.409,40.542,True,False,False,False
45,79.292,29.313,28.019,1238.5,629.53,5.4287,39.964,34.389,True,False,False,False
45,92.466,23.398,22.401,868.55,543.52,4.7746,34.464,29.113,True,False,False,False
45,107.83,19.171,18.365,603.35,469.77,4.243,29.748,24.589,True,False,False,False
45,125.74,16.207,15.551,414.21,406.52,3.8289,25.704,20.709,True,False,True,False
45,146.63,13.956,13.428,280.16,352.29,3.4839,22.236,17.382,True,False,True,False
45,171,12.35,11.916,185.91,305.78,3.2167,19.262,14.529,True,False,True,False
45,199.41,11.245,10.868,131.32,265.9,3.0184,16.712,12.083,True,False,True,False
45,232.54,10.496,10.144,98.263,231.7,2.8738,14.525,10.178,True,True,True,True
45,271.17,9.9746,9.6435,80.846,202.37,2.7701,12.649,9.6026,True,True,True,True
45,316.23,9.6043,9.2903,74.685,180.85,2.695,11.041,9.1091,True,True,True,True
45,368.77,9.3773,9.0776,69.575,180.85,2.6491,9.662,8.6859,True,True,True,True
45,430.04,9.2234,8.9323,68.627,180.85,2.6175,9.165,8.3583,True,True,True,True
45,501.48,9.1327,8.8446,69.213,180.85,2.5987,9.1627,8.1449,True,True,True,True
45,584.8,9.0617,8.7731,69.715,180.85,2.5831,9.1607,7.9619,True,True,True,True
45,681.97,8.9589,8.6761,70.2,180.85,2.5609,9.1627,7.8327,True,True,True,True
45,795.27,8.948,8.675,71.195,180.85,2.5607,9.2105,7.7908,True,True,True,True
45,927.4,8.9462,8.6849,72.054,180.85,2.5631,9.2516,7.8044,True,True,True,True
45,1081.5,8.9541,8.7013,72.794,180.85,2.567,9.2868,7.8717,True,True,True,True
45,1261.2,8.9736,8.7212,73.927,180.85,2.5717,9.3231,7.9295,True,True,True,True
45,1470.7,8.9959,8.7426,74.91,180.85,2.5767,9.3883,7.979,True,True,True,True
45,1715.1,9.0158,8.7611,75.757,180.85,2.5811,9.4443,8.0215,True,True,True,True
45,2000,9.0384,8.7818,76.488,180.85,2.5859,9.4923,8.0579,True,True,True,True
45,inf,9.2181,8.9517,81.499,180.85,2.6254,9.8523,8.2771,True,True,True,True
50,50,79.854,75.931,4396.6,1092.4,9.3139,75.927,63.012,False,False,False,False
50,58.307,59.717,56.762,3162,940.87,7.989,64.148,53.716,True,False,False,False
50,67.995,45.084,42.851,2264.9,810.91,6.8712,54.048,45.744,True,False,False,False
50,79.292,34.653,32.958,1614.5,699.47,5.9511,45.386,38.908,True,False,False,False
50,92.466,27.049,25.76,1144.1,603.91,5.18,38.216,33.045,True,False,False,False
50,107.83,21.581,20.569,805.03,521.96,4.5436,32.976,28.018,True,False,False,False
50,125.74,17.723,16.891,561.49,451.69,4.032,28.482,23.707,True,False,True,False
50,146.63,14.85,14.158,387.39,391.43,3.6052,24.629,20.011,True,False,True,False
50,171,12.772,12.197,263.65,339.76,3.2655,21.324,16.841,True,False,True,False
50,199.41,11.301,10.818,176.33,295.44,3.0044,18.491,14.122,True,False,True,False
50,232.54,10.273,9.8498,121.43,257.44,2.8072,16.061,11.791,True,False,True,False
50,271.17,9.5725,9.1716,91.121,224.86,2.6609,13.977,9.8431,True,True,True,True
50,316.23,9.0716,8.6882,72.04,200.94,2.5519,12.19,9.2947,True,True,True,True
50,368.77,8.762,8.3937,66.543,200.94,2.4836,10.658,8.8245,True,True,True,True
50,430.04,8.5326,8.1774,61.987,200.94,2.4323,9.3439,8.4212,True,True,True,True
50,501.48,8.3827,8.0375,59.798,200.94,2.3989,8.2696,8.0858,True,True,True,True
50,584.8,8.2748,7.9302,60.301,200.94,2.3729,8.2673,7.8824,True,True,True,True
50,681.97,8.1673,7.8212,60.732,200.94,2.3456,8.2654,7.7081,True,True,True,True
50,795.27,8.1435,7.7993,61.101,200.95,2.34,8.2638,7.5613,True,True,True,True
50,927.4,8.1311,7.794,61.874,200.95,2.3387,8.3031,7.5329,True,True,True,True
50,1081.5,8.1262,7.7991,62.631,200.95,2.34,8.3422,7.5329,True,True,True,True
50,1261.2,8.1284,7.8108,63.283,200.95,2.3431,8.3757,7.579,True,True,True,True
50,1470.7,8.1387,7.8261,64.172,200.95,2.347,8.406,7.634,True,True,True,True
50,1715.1,8.1552,7.8404,65.046,200.95,2.3507,8.4682,7.6812,True,True,True,True
50,2000,8.1744,7.8578,65.8,200.95,2.3552,8.5215,7.7217,True,True,True,True
50,inf,8.3478,8.0186,70.957,200.95,2.3961,8.9174,7.9652,True,True,True,True
55,50,96.243,91.508,5448.4,1201.7,10.274,84.636,69.881,False,False,False,False
55,58.307,71.684,68.065,3935.2,1035,8.8011,71.679,59.655,True,False,False,False
55,67.995,53.766,51.007,2833.1,892,7.5529,60.569,50.886,True,False,False,False
55,79.292,40.877,38.751,2031.9,769.42,6.511,51.041,43.366,True,False,False,False
55,92.466,31.471,29.823,1450.5,664.3,5.632,42.871,36.917,True,False,False,False
55,107.83,24.652,23.365,1029.7,574.16,4.899,36.21,31.387,True,False,False,False
55,125.74,19.777,18.745,726.05,496.86,4.2981,31.267,26.646,True,False,False,False
55,146.63,16.201,15.338,507.69,430.57,3.7948,27.028,22.579,True,False,True,False
55,171,13.608,12.88,351.36,373.73,3.3861,23.393,19.092,True,False,True,False
55,199.41,11.756,11.136,240.04,324.99,3.0639,20.276,16.102,True,False,True,False
55,232.54,10.431,9.899,161.3,283.19,2.8136,17.604,13.538,True,False,True,False
55,271.17,9.5022,9.024,110.35,247.34,2.6227,15.311,11.339,True,False,True,False
55,316.23,8.8527,8.3963,83.072,221.04,2.4771,13.346,9.5515,True,True,True,True
55,368.77,8.4467,8.0059,65.29,221.04,2.3824,11.66,9.0343,True,True,True,True
55,430.04,8.1384,7.7112,60.054,221.04,2.3085,10.215,8.5907,True,True,True,True
55,501.48,7.9285,7.5137,56.001,221.04,2.2579,8.9756,8.2861,True,True,True,True
55,584.8,7.7725,7.3658,53.355,221.04,2.2192,7.9128,8.2861,True,True,True,True
55,681.97,7.6477,7.2376,53.786,221.04,2.1847,7.5365,8.2861,True,True,True,True
55,795.27,7.6049,7.1928,54.155,221.04,2.1723,7.5347,8.2862,True,True,True,True
55,927.4,7.5808,7.1705,54.472,221.04,2.1661,7.5332,8.2862,True,True,True,True
55,1081.5,7.568,7.1633,55.097,221.04,2.1641,7.5678,8.2862,True,True,True,True
55,1261.2,7.564,7.1659,55.766,221.04,2.1649,7.6047,8.2862,True,True,True,True
55,1470.7,7.5653,7.1745,56.342,221.04,2.1673,7.6364,8.2862,True,True,True,True
55,1715.1,7.5686,7.184,57.093,221.04,2.1699,7.6665,8.2862,True,True,True,True
55,2000,7.5802,7.1978,57.873,221.04,2.1738,7.7251,8.2862,True,True,True,True
55,inf,7.7452,7.3485,63.206,221.04,2.2153,8.1572,8.2863,True,True,True,True
60,50,114.36,108.77,6601.5,1310.9,11.242,93.256,76.705,False,False,False,False
60,58.307,84.949,80.648,4783.2,1129,9.6249,79.122,65.549,False,False,False,False
60,67.995,63.47,60.147,3456.6,973.1,8.2502,67.001,55.982,True,False,False,False
60,79.292,47.898,45.322,2490.2,839.37,7.0929,56.607,47.779,True,False,False,False
60,92.466,36.534,34.511,1787.2,724.69,6.1123,47.694,40.744,True,False,False,False
60,107.83,28.278,26.673,1277,626.35,5.2889,40.051,34.712,True,False,False,False
60,125.74,22.313,21.028,907.48,542.03,4.6053,34.057,29.539,True,False,False,False
60,146.63,17.943,16.883,640.65,469.72,4.0303,29.433,25.103,True,False,False,False
60,171,14.774,13.882,448.63,407.71,3.557,25.468,21.299,True,False,True,False
60,199.41,12.503,11.737,311.02,354.53,3.1765,22.067,18.037,True,False,True,False
60,232.54,10.872,10.206,212.91,308.93,2.8746,19.151,15.239,True,False,True,False
60,271.17,9.7014,9.1156,143.42,269.83,2.639,16.651,12.841,True,False,True,False
60,316.23,8.8683,8.3297,98.933,241.13,2.4558,14.507,10.784,True,True,True,True
60,368.77,8.348,7.8307,74.752,241.13,2.3323,12.668,9.2974,True,True,True,True
60,430.04,7.9536,7.4501,59.722,241.13,2.2336,11.091,9.0393,True,True,True,True
60,501.48,7.68,7.1894,54.784,241.13,2.1637,9.7391,9.0393,True,True,True,True
60,584.8,7.4784,6.9965,51.185,241.13,2.1104,8.5796,9.0394,True,True,True,True
60,681.97,7.3213,6.8432,48.523,241.13,2.0668,7.5854,9.0394,True,True,True,True
60,795.27,7.2548,6.7733,48.892,241.13,2.0463,6.9291,9.0394,True,True,True,True
60,927.4,7.2173,6.7326,49.209,241.13,2.0342,6.9274,9.0395,True,True,True,True
60,1081.5,7.1953,6.7118,49.481,241.13,2.028,6.9259,9.0395,True,True,True,True
60,1261.2,7.1856,6.7043,50.039,241.13,2.0258,6.9614,9.0395,True,True,True,True
60,1470.7,7.182,6.7056,50.632,241.13,2.0262,6.9959,9.0395,True,True,True,True
60,1715.1,7.1799,6.7098,51.142,241.13,2.0275,7.0255,9.0395,True,True,True,True
60,2000,7.1823,6.7197,51.825,241.14,2.0304,7.0596,9.0395,True,True,True,True
60,inf,7.333,6.8594,57.361,241.14,2.0715,7.5281,9.0396,True,True,True,True
65,50,134.17,127.67,7855.9,1420.1,12.214,101.81,83.494,False,False,False,False
65,58.307,99.482,94.468,5705.8,1223.1,10.455,86.496,71.408,False,False,False,False
65,67.995,74.137,70.228,4135.2,1054.2,8.9567,73.365,61.044,False,False,False,False
65,79.292,55.678,52.623,2989.2,909.31,7.6881,62.105,52.157,True,False,False,False
65,92.466,42.193,39.774,2154.1,785.08,6.6102,52.449,44.536,True,False,False,False
65,107.83,32.387,30.439,1546.6,678.55,5.7008,44.169,38.001,True,False,False,False
65,125.74,25.263,23.687,1105.5,587.2,4.9393,37.069,32.397,True,False,False,False
65,146.63,20.033,18.74,786.02,508.86,4.2967,31.841,27.591,True,False,False,False
65,171,16.235,15.148,555.2,441.68,3.7625,27.546,23.471,True,False,True,False
65,199.41,13.493,12.569,389.02,384.08,3.327,23.862,19.937,True,False,True,False
65,232.54,11.523,10.718,269.87,334.68,2.976,20.703,16.906,True,False,True,False
65,271.17,10.11,9.3929,184.86,292.32,2.697,17.994,14.308,True,False,True,False
65,316.23,9.0798,8.4349,124.59,261.23,2.4764,15.671,12.079,True,False,True,False
65,368.77,8.4191,7.8154,87.786,261.23,2.3228,13.679,10.168,True,True,True,True
65,430.04,7.9258,7.3414,66.605,261.23,2.1981,11.971,9.7926,True,True,True,True
65,501.48,7.5831,7.012,54.977,261.23,2.1074,10.506,9.7926,True,True,True,True
65,584.8,7.3331,6.7696,50.449,261.23,2.038,9.2504,9.7927,True,True,True,True
65,681.97,7.1436,6.5864,47.258,261.23,1.9837,8.1732,9.7927,True,True,True,True
65,795.27,7.0449,6.4892,44.817,261.23,1.9539,7.2496,9.7927,True,True,True,True
65,927.4,6.9873,6.4284,45.134,261.23,1.935,6.4575,9.7927,True,True,True,True
65,1081.5,6.9575,6.3928,45.406,261.23,1.9238,6.415,9.7928,True,True,True,True
65,1261.2,6.9415,6.3744,45.639,261.23,1.9181,6.4162,9.7928,True,True,True,True
65,1470.7,6.9328,6.3677,46.184,261.23,1.9159,6.4536,9.7928,True,True,True,True
65,1715.1,6.9259,6.3662,46.71,261.23,1.9155,6.4857,9.7928,True,True,True,True
65,2000,6.9264,6.3717,47.163,261.23,1.9172,6.5132,9.7928,True,True,True,True
65,inf,7.0565,6.4994,52.863,261.23,1.957,6.9999,9.7929,True,True,True,True
70,50,155.65,148.19,9211.1,1529.4,13.189,110.31,90.255,False,False,False,False
70,58.307,115.27,109.5,6702.8,1317.2,11.289,93.817,77.24,False,False,False,False
70,67.995,85.738,81.22,4868.7,1135.3,9.6684,79.676,66.079,False,False,False,False
70,79.292,64.185,60.623,3528.7,979.26,8.2914,67.549,56.509,True,False,False,False
70,92.466,48.407,45.578,2551,845.47,7.1191,57.151,48.301,True,False,False,False
70,107.83,36.929,34.63,1838.5,730.75,6.1267,48.234,41.264,True,False,False,False
70,125.74,28.579,26.688,1320.1,632.37,5.2911,40.587,35.228,True,False,False,False
70,146.63,22.433,20.874,943.63,548,4.584,34.253,30.053,True,False,False,False
70,171,17.951,16.643,670.91,475.66,3.9921,29.627,25.615,True,False,False,False
70,199.41,14.711,13.595,473.88,413.62,3.5047,25.66,21.809,True,False,True,False
70,232.54,12.356,11.4,331.99,360.42,3.1069,22.258,18.546,True,False,True,False
70,271.17,10.674,9.8209,230.23,314.8,2.7864,19.341,15.747,True,False,True,False
70,316.23,9.4487,8.6767,157.62,281.32,2.5293,16.839,13.348,True,False,True,False
70,368.77,8.6336,7.9252,106.12,281.32,2.3454,14.694,11.29,True,True,True,True
70,430.04,8.0252,7.3504,77.291,281.32,2.1943,12.854,10.546,True,True,True,True
70,501.48,7.6035,6.9468,58.915,281.32,2.0821,11.277,10.546,True,True,True,True
70,584.8,7.301,6.6508,50.917,281.32,1.9956,9.9241,10.546,True,True,True,True
70,681.97,7.0771,6.4331,46.853,281.32,1.9293,8.7641,10.546,True,True,True,True
70,795.27,6.9444,6.3064,44.027,281.32,1.8892,7.7694,10.546,True,True,True,True
70,927.4,6.8626,6.2239,41.921,281.32,1.8626,6.9164,10.546,True,True,True,True
70,1081.5,6.8181,6.1723,42.193,281.32,1.8458,6.185,10.546,True,True,True,True
70,1261.2,6.7965,6.1423,42.426,281.32,1.836,5.9772,10.546,True,True,True,True
70,1470.7,6.7826,6.1269,42.651,281.32,1.8309,5.9885,10.546,True,True,True,True
70,1715.1,6.7739,6.1191,43.194,281.32,1.8283,6.023,10.546,True,True,True,True
70,2000,6.7729,6.12,43.661,281.32,1.8286,6.0527,10.546,True,True,True,True
70,inf,6.8805,6.2347,49.345,281.32,1.8659,6.5509,10.546,True,True,True,True
75,50,178.81,170.3,10667,1638.6,14.165,118.76,96.995,False,False,False,False
75,58.307,132.29,125.72,7774.2,1411.3,12.125,101.09,83.051,False,False,False,False
75,67.995,98.259,93.104,5656.9,1216.4,10.383,85.943,71.092,False,False,False,False
75,79.292,73.392,69.301,4108.7,1049.2,8.8997,72.951,60.838,False,False,False,False
75,92.466,55.17,51.901,2977.7,905.86,7.6351,61.81,52.045,True,False,False,False
75,107.83,41.887,39.224,2152.3,782.94,6.562,52.256,44.504,True,False,False,False
75,125.74,32.222,30.005,1550.9,677.54,5.6548,44.063,38.038,True,False,False,False
75,146.63,25.109,23.26,1113.4,587.14,4.8856,37.038,32.493,True,False,False,False
75,171,19.904,18.345,795.65,509.63,4.2385,31.71,27.738,True,False,False,False
75,199.41,16.122,14.793,565.47,443.16,3.7015,27.46,23.66,True,False,True,False
75,232.54,13.371,12.227,399.17,386.17,3.2594,23.815,20.164,True,False,True,False
75,271.17,11.374,10.376,279.42,337.29,2.8993,20.689,17.165,True,False,True,False
75,316.23,9.9372,9.0315,193.55,301.42,2.6072,18.009,14.594,True,False,True,False
75,368.77,8.9701,8.1367,132.27,301.42,2.3932,15.711,12.389,True,False,True,False
75,430.04,8.2335,7.4536,88.807,301.42,2.2161,13.74,11.299,True,True,True,True
75,501.48,7.7215,6.9704,67.668,301.42,2.082,12.05,11.299,True,True,True,True
75,584.8,7.3587,6.6165,52.331,301.42,1.9779,10.6,11.299,True,True,True,True
75,681.97,7.0962,6.3603,47.439,301.42,1.8988,9.3575,11.299,True,True,True,True
75,795.27,6.9317,6.2019,43.856,301.42,1.8476,8.2917,11.299,True,True,True,True
75,927.4,6.8204,6.0961,41.354,301.42,1.8127,7.3778,11.299,True,True,True,True
75,1081.5,6.7606,6.0274,39.621,301.42,1.7896,6.594,11.299,True,True,True,True
75,1261.2,6.7276,5.9847,39.855,301.42,1.7751,5.922,11.299,True,True,True,True
75,1470.7,6.7097,5.9601,40.055,301.42,1.7667,5.5991,11.299,True,True,True,True
75,1715.1,6.6992,5.9455,40.357,301.42,1.7617,5.6221,11.299,True,True,True,True
75,2000,6.6959,5.9414,40.841,301.42,1.7602,5.6539,11.299,True,True,True,True
75,inf,6.7861,6.0422,46.558,301.42,1.7943,6.1654,11.299,True,True,True,True
80,50,203.64,193.99,12224,1747.9,15.141,127.18,103.72,False,False,False,False
80,58.307,150.54,143.11,8919.8,1505.4,12.962,108.34,88.843,False,False,False,False
80,67.995,111.69,105.87,6499.9,1297.5,11.1,92.176,76.088,False,False,False,False
80,79.292,83.287,78.641,4729,1119.2,9.5111,78.318,65.15,False,False,False,False
80,92.466,62.461,58.728,3434.1,966.26,8.1556,66.434,55.77,True,False,False,False
80,107.83,47.25,44.204,2488.2,835.14,7.0034,56.243,47.727,True,False,False,False
80,125.74,36.176,33.623,1798,722.7,6.0265,47.504,40.83,True,False,False,False
80,146.63,28.039,25.883,1295.2,626.29,5.197,40.01,34.915,True,False,False,False
80,171,22.068,20.235,929.33,543.61,4.4966,33.796,29.843,True,False,False,False
80,199.41,17.709,16.145,663.72,472.71,3.9122,29.262,25.494,True,False,False,False
80,232.54,14.539,13.182,471.32,411.91,3.4277,25.374,21.764,True,False,True,False
80,271.17,12.219,11.04,332.34,359.77,3.0297,22.04,18.566,True,False,True,False
80,316.23,10.529,9.4825,232.29,321.51,2.7041,19.181,15.823,True,False,True,False
80,368.77,9.3979,8.4337,160.56,321.51,2.4609,16.73,13.471,True,False,True,False
80,430.04,8.5376,7.6348,109.39,321.51,2.2582,14.627,12.052,True,True,True,True
80,501.48,7.9251,7.0664,77.025,321.51,2.1024,12.824,12.052,True,True,True,True
80,584.8,7.491,6.6505,59.024,321.51,1.9805,11.278,12.052,True,True,True,True
80,681.97,7.1852,6.3519,48.789,321.51,1.888,9.9527,12.053,True,True,True,True
80,795.27,6.9869,6.1597,44.461,321.51,1.8254,8.8159,12.053,True,True,True,True
80,927.4,6.851,6.0289,41.353,321.51,1.7815,7.8411,12.053,True,True,True,True
80,1081.5,6.7694,5.9419,39.138,321.51,1.7517,7.0051,12.053,True,True,True,True
80,1261.2,6.7228,5.8858,37.771,321.51,1.7322,6.2883,12.053,True,True,True,True
80,1470.7,6.6995,5.8512,37.972,321.51,1.7201,5.6735,12.053,True,True,True,True
80,1715.1,6.6869,5.8295,38.143,321.51,1.7124,5.2714,12.053,True,True,True,True
80,2000,6.683,5.8199,38.537,321.51,1.709,5.3052,12.053,True,True,True,True
80,inf,6.7526,5.9058,44.33,321.51,1.7388,5.8313,12.053,True,True,True,True
85,50,230.14,219.26,13882,1857.1,16.116,135.58,110.43,False,False,False,False
85,58.307,170,161.67,10139,1599.5,13.799,115.55,94.621,False,False,False,False
85,67.995,126.04,119.5,7397.5,1378.6,11.817,98.381,81.069,False,False,False,False
85,79.292,93.856,88.634,5389.6,1189.1,10.124,83.656,69.447,False,False,False,False
85,92.466,70.265,66.047,3920.3,1026.6,8.6791,71.029,59.481,True,False,False,False
85,107.83,53.003,49.558,2846,887.34,7.4489,60.201,50.935,True,False,False,False
85,125.74,40.433,37.53,2061.4,767.87,6.4038,50.916,43.607,True,False,False,False
85,146.63,31.205,28.73,1488.9,665.43,5.5153,42.954,37.323,True,False,False,False
85,171,24.429,22.303,1071.9,577.58,4.7631,36.126,31.934,True,False,False,False
85,199.41,19.461,17.639,768.57,502.25,4.1328,31.066,27.312,True,False,False,False
85,232.54,15.839,14.255,548.39,437.65,3.6075,26.935,23.35,True,False,True,False
85,271.17,13.192,11.804,388.94,382.26,3.1733,23.392,19.951,True,False,True,False
85,316.23,11.234,10.018,273.8,341.6,2.8156,20.355,17.037,True,False,True,False
85,368.77,9.9075,8.8042,190.94,341.6,2.544,17.75,14.539,True,False,True,False
85,430.04,8.9167,7.8821,131.57,341.61,2.3165,15.516,12.806,True,False,True,False
85,501.48,8.2046,7.2231,89.235,341.61,2.1394,13.601,12.806,True,True,True,True
85,584.8,7.6923,6.741,66.66,341.61,1.9999,11.958,12.806,True,True,True,True
85,681.97,7.3328,6.3965,51.379,341.61,1.8937,10.55,12.806,True,True,True,True
85,795.27,7.0986,6.1682,45.744,341.61,1.8193,9.3418,12.806,True,True,True,True
85,927.4,6.9376,6.0109,41.917,341.61,1.7662,8.306,12.806,True,True,True,True
85,1081.5,6.8323,5.9044,39.263,341.61,1.7293,7.4178,12.806,True,True,True,True
85,1261.2,6.7715,5.834,37.302,341.61,1.7045,6.6561,12.806,True,True,True,True
85,1470.7,6.7392,5.7888,36.266,341.61,1.6884,6.003,12.806,True,True,True,True
85,1715.1,6.725,5.7594,36.437,341.61,1.6777,5.4429,12.806,True,True,True,True
85,2000,6.7192,5.7441,36.632,341.61,1.6722,4.9979,12.806,True,True,True,True
85,inf,6.7708,5.8141,42.534,341.61,1.697,5.5396,12.806,True,True,True,True
90,50,258.31,246.09,15640,1966.3,17.092,143.94,117.12,False,False,False,False
90,58.307,190.68,181.39,11433,1693.6,14.635,122.74,100.39,False,False,False,False
90,67.995,141.28,133.99,8349.7,1459.6,12.535,104.56,86.037,False,False,False,False
90,79.292,105.1,99.271,6090.4,1259.1,10.739,88.97,73.732,False,False,False,False
90,92.466,78.577,73.85,4436.1,1087,9.2045,75.601,63.18,False,False,False,False
90,107.83,59.157,55.279,3225.7,939.53,7.8972,64.136,54.131,True,False,False,False
90,125.74,44.982,41.716,2340.9,813.04,6.7849,54.305,46.372,True,False,False,False
90,146.63,34.594,31.793,1694.7,704.57,5.8384,45.874,39.718,True,False,False,False
90,171,26.968,24.539,1223.3,611.56,5.0355,38.645,34.012,True,False,False,False
90,199.41,21.372,19.267,879.98,531.8,4.3605,32.871,29.119,True,False,False,False
90,232.54,17.265,15.437,630.34,463.4,3.7958,28.497,24.923,True,False,False,False
90,271.17,14.262,12.656,449.18,404.74,3.3266,24.746,21.325,True,False,True,False
90,316.23,12.047,10.629,318.03,361.7,2.9381,21.53,18.24,True,False,True,False
90,368.77,10.502,9.2399,223.38,361.7,2.6391,18.772,15.594,True,False,True,False
90,430.04,9.3587,8.1871,155.29,361.7,2.3876,16.407,13.559,True,False,True,False
90,501.48,8.5463,7.432,106.54,361.7,2.1899,14.379,13.559,True,True,True,True
90,584.8,7.9536,6.8795,74.759,361.7,2.0329,12.639,13.559,True,True,True,True
90,681.97,7.5363,6.4856,57.624,361.7,1.913,11.148,13.559,True,True,True,True
90,795.27,7.2581,6.2191,47.255,361.7,1.8268,9.869,13.559,True,True,True,True
90,927.4,7.0703,6.0337,43.136,361.7,1.7643,8.7723,13.559,True,True,True,True
90,1081.5,6.9449,5.9065,39.751,361.7,1.7201,7.8319,13.559,True,True,True,True
90,1261.2,6.865,5.8208,37.522,361.7,1.6897,7.0254,13.559,True,True,True,True
90,1470.7,6.8226,5.7645,35.786,361.7,1.6693,6.3338,13.559,True,True,True,True
90,1715.1,6.8043,5.7269,35.029,361.7,1.6556,5.7408,13.559,True,True,True,True
90,2000,6.7962,5.7056,35.176,361.7,1.6477,5.2322,13.559,True,True,True,True
90,inf,6.8331,5.7587,41.083,361.7,1.6667,5.2833,13.559,True,True,True,True
95,50,288.11,274.48,17499,2075.6,18.066,152.29,123.81,False,False,False,False
95,58.307,212.63,202.27,12801,1787.6,15.472,129.91,106.14,False,False,False,False
95,67.995,157.42,149.34,9356.5,1540.7,13.253,110.72,90.996,False,False,False,False
95,79.292,117,110.55,6831.5,1329,11.354,94.265,78.007,False,False,False,False
95,92.466,87.389,82.131,4981.6,1147.4,9.7311,80.152,66.869,False,False,False,False
95,107.83,65.69,61.359,3627.3,991.73,8.3474,68.051,57.317,True,False,False,False
95,125.74,49.818,46.177,2636.5,858.21,7.1687,57.673,49.127,True,False,False,False
95,146.63,38.205,35.065,1912.3,743.72,6.1649,48.774,42.103,True,False,False,False
95,171,29.678,26.938,1383.5,645.53,5.3122,41.143,36.08,True,False,False,False
95,199.41,23.424,21.023,997.93,561.34,4.5936,34.677,30.915,True,False,False,False
95,232.54,18.806,16.72,717.13,489.14,3.9904,30.06,26.486,True,False,False,False
95,271.17,15.44,13.592,513.02,427.23,3.4874,26.101,22.688,True,False,True,False
95,316.23,12.941,11.309,364.96,381.79,3.069,22.706,19.432,True,False,True,False
95,368.77,11.188,9.7344,257.82,381.79,2.7435,19.795,16.639,True,False,True,False
95,430.04,9.8656,8.5433,180.54,381.79,2.469,17.298,14.312,True,False,True,False
95,501.48,8.9412,7.6866,124.99,381.79,2.2511,15.157,14.312,True,False,True,False
95,584.8,8.2699,7.0597,85.24,381.8,2.0772,13.322,14.312,True,True,True,True
95,681.97,7.7889,6.6131,64.226,381.8,1.9436,11.747,14.312,True,True,True,True
95,795.27,7.4617,6.3061,49.827,381.8,1.8456,10.397,14.312,True,True,True,True
95,927.4,7.243,6.091,44.542,381.8,1.7737,9.2397,14.312,True,True,True,True
95,1081.5,7.0962,5.942,40.91,381.8,1.722,8.247,14.312,True,True,True,True
95,1261.2,6.9969,5.8402,37.918,381.8,1.6859,7.3958,14.313,True,True,True,True
95,1470.7,6.9457,5.772,36.08,381.8,1.6612,6.6658,14.313,True,True,True,True
95,1715.1,6.9189,5.7257,34.542,381.8,1.6442,6.0398,14.313,True,True,True,True
95,2000,6.9082,5.698,34.006,381.8,1.6339,5.503,14.313,True,True,True,True
95,inf,6.9313,5.7333,39.906,381.8,1.6464,5.0567,14.313,True,True,True,True
100,50,319.55,304.43,19458,2184.8,19.04,160.62,130.48,False,False,False,False
100,58.307,235.78,224.3,14243,1881.7,16.308,137.07,111.89,False,False,False,False
100,67.995,174.46,165.54,10418,1621.8,13.97,116.86,95.946,False,False,False,False
100,79.292,129.58,122.46,7612.7,1398.9,11.969,99.542,82.273,False,False,False,False
100,92.466,96.698,90.886,5556.7,1207.8,10.259,84.687,70.549,False,False,False,False
100,107.83,72.598,67.795,4050.7,1043.9,8.7989,71.948,60.495,True,False,False,False
100,125.74,54.935,50.906,2948.3,903.38,7.5543,61.024,51.873,True,False,False,False
100,146.63,42.038,38.542,2141.9,782.86,6.4939,51.657,44.48,True,False,False,False
100,171,32.554,29.493,1552.6,679.51,5.5921,43.624,38.14,True,False,False,False
100,199.41,25.607,22.901,1122.4,590.89,4.8305,36.736,32.703,True,False,False,False
100,232.54,20.475,18.1,808.75,514.89,4.1898,31.624,28.041,True,False,False,False
100,271.17,16.704,14.606,580.44,449.72,3.6538,27.457,24.043,True,False,False,False
100,316.23,13.916,12.054,414.55,401.89,3.2065,23.883,20.615,True,False,True,False
100,368.77,11.945,10.283,294.27,401.89,2.8552,20.819,17.675,True,False,True,False
100,430.04,10.451,8.946,207.28,401.89,2.5583,18.191,15.154,True,False,True,False
100,501.48,9.3884,7.9822,144.57,401.89,2.321,15.937,15.066,True,False,True,False
100,584.8,8.6295,7.2769,99.534,401.89,2.1306,14.005,15.066,True,True,True,True
100,681.97,8.0867,6.7741,71.186,401.89,1.9836,12.348,15.066,True,True,True,True
100,795.27,7.7073,6.4245,55.228,401.89,1.8739,10.927,15.066,True,True,True,True
100,927.4,7.4511,6.1781,46.121,401.89,1.7926,9.7081,15.066,True,True,True,True
100,1081.5,7.2818,6.006,42.227,401.89,1.7335,8.6632,15.066,True,True,True,True
100,1261.2,7.1651,5.8873,39.024,401.89,1.6915,7.7671,15.066,True,True,True,True
100,1470.7,7.1021,5.8067,36.52,401.89,1.6623,6.9987,15.066,True,True,True,True
100,1715.1,7.0655,5.7512,34.896,401.89,1.6419,6.3398,15.066,True,True,True,True
100,2000,7.0509,5.7168,33.533,401.89,1.6291,5.7747,15.066,True,True,True,True
100,inf,7.0629,5.7333,38.955,401.89,1.6347,4.8555,15.066,True,True,True,True
105,50,352.62,335.93,21518,2294.1,20.014,168.94,137.15,False,False,False,False
105,58.307,260.15,247.47,15759,1975.8,17.144,144.2,117.63,False,False,False,False
105,67.995,192.41,182.59,11534,1702.9,14.688,122.99,100.89,False,False,False,False
105,79.292,142.82,135,8434.1,1468.9,12.585,104.8,86.532,False,False,False,False
105,92.466,106.5,100.11,6161.4,1268.2,10.786,89.206,74.221,False,False,False,False
105,107.83,79.879,74.583,4495.9,1096.1,9.2512,75.831,63.664,False,False,False,False
105,125.74,60.334,55.9,3276.1,948.55,7.9413,64.361,54.612,True,False,False,False
105,146.63,46.083,42.219,2383.3,822,6.8247,54.525,46.849,True,False,False,False
105,171,35.597,32.202,1730.4,713.49,5.8742,46.091,40.192,True,False,False,False
105,199.41,27.918,24.898,1253.3,620.43,5.0704,38.858,34.483,True,False,False,False
105,232.54,22.247,19.573,905.17,540.63,4.3927,33.189,29.588,True,False,False,False
105,271.17,18.062,15.694,651.43,472.2,3.8245,28.814,25.39,True,False,False,False
105,316.23,14.969,12.859,466.79,421.98,3.3491,25.061,21.791,True,False,True,False
105,368.77,12.762,10.881,332.68,421.98,2.9726,21.843,18.704,True,False,True,False
105,430.04,11.098,9.3915,235.5,421.98,2.6541,19.084,16.057,True,False,True,False
105,501.48,9.8933,8.3151,165.26,421.98,2.3979,16.718,15.819,True,False,True,False
105,584.8,9.0338,7.5272,114.67,421.98,2.1915,14.689,15.819,True,True,True,True
105,681.97,8.4244,6.9651,78.502,421.98,2.0312,12.949,15.819,True,True,True,True
105,795.27,7.992,6.5708,60.906,421.98,1.9101,11.457,15.819,True,True,True,True
105,927.4,7.6958,6.2914,47.858,421.99,1.8195,10.177,15.819,True,True,True,True
105,1081.5,7.4981,6.0951,43.69,421.99,1.7529,9.0802,15.819,True,True,True,True
105,1261.2,7.3656,5.9585,40.264,421.99,1.7051,8.1393,15.819,True,True,True,True
105,1470.7,7.2886,5.8648,37.436,421.99,1.6714,7.3325,15.819,True,True,True,True
105,1715.1,7.2426,5.7997,35.374,421.99,1.6476,6.6406,15.819,True,True,True,True
105,2000,7.2213,5.7582,33.936,421.99,1.6322,6.0473,15.819,True,True,True,True
105,inf,7.2239,5.7549,38.19,421.99,1.6304,4.6759,15.819,True,True,True,True
110,50,387.31,368.98,23679,2403.3,20.987,177.24,143.82,False,False,False,False
110,58.307,285.72,271.79,17350,2069.9,17.98,151.33,123.36,False,False,False,False
110,67.995,211.26,200.49,12704,1784,15.405,129.11,105.82,False,False,False,False
110,79.292,156.72,148.16,9295.6,1538.8,13.201,110.05,90.784,False,False,False,False
110,92.466,116.8,109.8,6795.7,1328.6,11.315,93.713,77.887,False,False,False,False
110,107.83,87.529,81.72,4963,1148.3,9.7041,79.701,66.828,False,False,False,False
110,125.74,66.025,61.156,3620,993.72,8.3292,67.685,57.344,True,False,False,False
110,146.63,50.34,46.095,2636.6,861.15,7.1568,57.381,49.211,True,False,False,False
110,171,38.804,35.062,1916.9,747.46,6.1581,48.545,42.237,True,False,False,False
110,199.41,30.357,27.011,1390.7,649.97,5.3124,40.968,36.257,True,False,False,False
110,232.54,24.119,21.137,1006.4,566.38,4.5984,34.755,31.129,True,False,False,False
110,271.17,19.505,16.854,725.97,494.69,3.9985,30.171,26.731,True,False,False,False
110,316.23,16.091,13.723,521.67,442.08,3.4955,26.24,22.96,True,False,True,False
110,368.77,13.648,11.527,373.06,442.08,3.0945,22.869,19.726,True,False,True,False
110,430.04,11.799,9.8769,265.19,442.08,2.7549,19.978,16.953,True,False,True,False
110,501.48,10.454,8.6824,187.06,442.08,2.4805,17.499,16.572,True,False,True,False
110,584.8,9.4857,7.8078,130.63,442.08,2.2584,15.374,16.572,True,False,True,False
110,681.97,8.8002,7.1833,90.019,442.08,2.0852,13.551,16.572,True,True,True,True
110,795.27,8.3122,6.7419,66.861,442.08,1.9529,11.988,16.572,True,True,True,True
110,927.4,7.9733,6.428,52.245,442.08,1.8531,10.647,16.572,True,True,True,True
110,1081.5,7.7432,6.2063,45.287,442.08,1.7792,9.4979,16.572,True,True,True,True
110,1261.2,7.5942,6.051,41.629,442.08,1.7255,8.5122,16.572,True,True,True,True
110,1470.7,7.5013,5.9436,38.612,442.08,1.6873,7.667,16.572,True,True,True,True
110,1715.1,7.4454,5.8684,36.113,442.08,1.66,6.9421,16.572,True,True,True,True
110,2000,7.4163,5.8194,34.446,442.08,1.642,6.3206,16.572,True,True,True,True
110,inf,7.4104,5.7955,37.579,442.08,1.6324,4.6381,16.573,True,True,True,True
115,50,423.62,403.59,25940,2512.6,21.96,185.54,150.47,False,False,False,False
115,58.307,312.5,297.25,19014,2164,18.815,158.45,129.09,False,False,False,False
115,67.995,231.02,219.23,13929,1865.1,16.122,135.21,110.75,False,False,False,False
115,79.292,171.3,161.96,10197,1608.8,13.816,115.29,95.031,False,False,False,False
115,92.466,127.58,119.96,7459.6,1389,11.843,98.209,81.548,False,False,False,False
115,107.83,95.546,89.203,5451.8,1200.5,10.157,83.56,69.986,False,False,False,False
115,125.74,72,66.671,3980,1038.9,8.7178,70.998,60.071,True,False,False,False
115,146.63,54.806,50.165,2901.7,900.29,7.4898,60.225,51.568,True,False,False,False
115,171,42.173,38.07,2112.2,781.44,6.4433,50.988,44.277,True,False,False,False
115,199.41,32.922,29.238,1534.6,679.52,5.5561,43.066,38.025,True,False,False,False
115,232.54,26.09,22.789,1112.4,592.12,4.8062,36.322,32.664,True,False,False,False
115,271.17,21.028,18.084,804.05,517.17,4.1751,31.529,28.066,True,False,False,False
115,316.23,17.285,14.641,579.17,462.17,3.645,27.419,24.124,True,False,False,False
115,368.77,14.595,12.218,415.4,462.17,3.22,23.895,20.743,True,False,True,False
115,430.04,12.552,10.4,296.32,462.17,2.8599,20.873,17.844,True,False,True,False
115,501.48,11.063,9.0818,209.93,462.17,2.5676,18.281,17.325,True,False,True,False
115,584.8,9.9814,8.1165,147.41,462.17,2.3303,16.059,17.325,True,False,True,False
115,681.97,9.2149,7.4264,102.29,462.17,2.1444,14.153,17.325,True,True,True,True
115,795.27,8.6672,6.9359,73.093,462.17,2.0012,12.519,17.326,True,True,True,True
115,927.4,8.2816,6.5858,57.116,462.17,1.8924,11.118,17.326,True,True,True,True
115,1081.5,8.0185,6.3375,47.011,462.17,1.8112,9.9162,17.326,True,True,True,True
115,1261.2,7.8476,6.1627,43.109,462.17,1.7517,8.8857,17.326,True,True,True,True
115,1470.7,7.7411,6.0408,39.895,462.18,1.709,8.0021,17.326,True,True,True,True
115,1715.1,7.6741,5.9551,37.235,462.18,1.6783,7.2443,17.326,True,True,True,True
115,2000,7.6364,5.8983,35.05,462.18,1.6576,6.5945,17.326,True,True,True,True
115,inf,7.6195,5.8527,37.1,462.18,1.6401,4.6125,17.326,True,True,True,True
120,50,461.56,439.74,28302,2621.8,22.932,193.82,157.12,False,False,False,False
120,58.307,340.47,323.86,20752,2258.1,19.649,165.55,134.81,False,False,False,False
120,67.995,251.67,238.82,15208,1946.2,16.839,141.31,115.68,False,False,False,False
120,79.292,186.55,176.38,11139,1678.7,14.431,120.52,99.273,False,False,False,False
120,92.466,138.86,130.58,8153,1449.4,12.371,102.7,85.203,False,False,False,False
120,107.83,103.93,97.031,5962.4,1252.7,10.611,87.409,73.138,False,False,False,False
120,125.74,78.252,72.445,4356,1084.1,9.1068,74.301,62.792,False,False,False,False
120,146.63,59.482,54.43,3178.7,939.43,7.8234,63.06,53.92,True,False,False,False
120,171,45.703,41.225,2316.3,815.41,6.7293,53.421,46.313,True,False,False,False
120,199.41,35.609,31.576,1684.9,709.06,5.801,45.155,39.789,True,False,False,False
120,232.54,28.159,24.527,1223.1,617.86,5.0155,38.067,34.194,True,False,False,False
120,271.17,22.636,19.38,885.66,539.66,4.3536,32.888,29.397,True,False,False,False
120,316.23,18.548,15.613,639.29,482.26,3.7969,28.599,25.283,True,False,False,False
120,368.77,15.597,12.953,459.67,482.27,3.3484,24.922,21.755,True,False,True,False
120,430.04,13.356,10.959,328.91,482.27,2.9681,21.768,18.73,True,False,True,False
120,501.48,11.719,9.5116,233.89,482.27,2.6584,19.064,18.079,True,False,True,False
120,584.8,10.519,8.4516,164.99,482.27,2.4063,16.745,18.079,True,False,True,False
120,681.97,9.6669,7.6927,115.16,482.27,2.208,14.757,18.079,True,True,True,True
120,795.27,9.0562,7.1508,79.601,482.27,2.0541,13.051,18.079,True,True,True,True
120,927.4,8.6246,6.7629,62.204,482.27,1.9365,11.589,18.079,True,True,True,True
120,1081.5,8.3213,6.4868,48.989,482.27,1.8481,10.335,18.079,True,True,True,True
120,1261.2,8.1257,6.2916,44.7,482.27,1.783,9.2598,18.079,True,True,True,True
120,1470.7,8.0044,6.1547,41.28,482.27,1.7358,8.3377,18.079,True,True,True,True
120,1715.1,7.9252,6.0579,38.451,482.27,1.7016,7.547,18.079,True,True,True,True
120,2000,7.8793,5.9931,36.103,482.27,1.6783,6.8689,18.079,True,True,True,True
120,inf,7.8499,5.9248,36.733,482.27,1.6526,4.5967,18.079,True,True,True,True
125,50,501.12,477.43,30764,2731,23.903,202.1,163.77,False,False,False,False
125,58.307,369.64,351.61,22564,2352.2,20.484,172.65,140.53,False,False,False,False
125,67.995,273.2,259.24,16542,2027.3,17.555,147.4,120.6,False,False,False,False
125,79.292,202.45,191.42,12121,1748.7,15.046,125.74,103.51,False,False,False,False
125,92.466,150.64,141.67,8876,1509.8,12.899,107.17,88.855,False,False,False,False
125,107.83,112.68,105.2,6494.8,1304.9,11.064,91.25,76.287,False,False,False,False
125,125.74,84.778,78.475,4748.1,1129.2,9.496,77.596,65.51,False,False,False,False
125,146.63,64.364,58.886,3467.5,978.57,8.1576,65.887,56.268,True,False,False,False
125,171,49.392,44.524,2529.1,849.39,7.0161,55.846,48.343,True,False,False,False
125,199.41,38.418,34.025,1841.7,738.61,6.0469,47.235,41.548,True,False,False,False
125,232.54,30.323,26.35,1338.7,643.61,5.2261,39.852,35.72,True,False,False,False
125,271.17,24.322,20.743,970.8,562.15,4.5337,34.247,30.723,True,False,False,False
125,316.23,19.873,16.638,702.02,502.36,3.9507,29.779,26.437,True,False,False,False
125,368.77,16.655,13.729,505.88,502.36,3.479,25.949,22.762,True,False,True,False
125,430.04,14.209,11.552,362.93,502.36,3.079,22.664,19.611,True,False,True,False
125,501.48,12.414,9.9703,258.91,502.36,2.7522,19.847,18.832,True,False,True,False
125,584.8,11.097,8.8114,183.37,502.36,2.4856,17.432,18.832,True,False,True,False
125,681.97,10.152,7.9807,128.63,502.36,2.2751,15.36,18.832,True,False,True,False
125,795.27,9.4789,7.3853,89.075,502.36,2.1109,13.584,18.832,True,True,True,True
125,927.4,8.9982,6.958,67.508,502.36,1.9846,12.061,18.832,True,True,True,True
125,1081.5,8.6536,6.653,53.168,502.36,1.8892,10.754,18.832,True,True,True,True
125,1261.2,8.4307,6.4364,46.396,502.36,1.8184,9.6344,18.832,True,True,True,True
125,1470.7,8.2896,6.2839,42.76,502.36,1.7668,8.6738,18.832,True,True,True,True
125,1715.1,8.1973,6.1756,39.756,502.36,1.7292,7.8502,18.832,True,True,True,True
125,2000,8.1428,6.1023,37.264,502.36,1.7033,7.1439,18.832,True,True,True,True
125,inf,8.1001,6.0104,36.463,502.37,1.6693,4.5893,18.832,True,True,True,True
130,50,542.3,516.68,33327,2840.3,24.874,210.36,170.42,False,False,False,False
130,58.307,400.01,380.49,24450,2446.3,21.317,179.74,146.25,False,False,False,False
130,67.995,295.62,280.51,17931,2108.4,18.271,153.48,125.52,False,False,False,False
130,79.292,219.02,207.09,13143,1818.6,15.661,130.96,107.74,False,False,False,False
130,92.466,162.92,153.21,9628.5,1570.2,13.427,111.64,92.502,False,False,False,False
130,107.83,121.79,113.72,7048.9,1357.1,11.518,95.084,79.432,False,False,False,False
130,125.74,91.579,84.76,5156.3,1174.4,9.8855,80.883,68.224,False,False,False,False
130,146.63,69.453,63.534,3768.2,1017.7,8.4921,68.706,58.612,True,False,False,False
130,171,53.24,47.967,2750.6,883.36,7.3034,58.263,50.37,True,False,False,False
130,199.41,41.349,36.582,2005,768.15,6.2935,49.308,43.303,True,False,False,False
130,232.54,32.582,28.256,1459,669.35,5.4377,41.629,37.242,True,False,False,False
130,271.17,26.088,22.17,1059.4,584.63,4.715,35.606,32.045,True,False,False,False
130,316.23,21.261,17.713,767.36,522.45,4.106,30.96,27.588,True,False,False,False
130,368.77,17.767,14.546,554.02,522.45,3.6114,26.976,23.766,True,False,True,False
130,430.04,15.104,12.179,398.38,522.45,3.192,23.56,20.489,True,False,True,False
130,501.48,13.148,10.457,285,522.46,2.8485,20.631,19.585,True,False,True,False
130,584.8,11.713,9.1949,202.55,522.46,2.5677,18.118,19.585,True,False,True,False
130,681.97,10.672,8.2893,142.7,522.46,2.3453,15.964,19.585,True,False,True,False
130,795.27,9.9287,7.6381,99.361,522.46,2.1708,14.117,19.585,True,True,True,True
130,927.4,9.4022,7.1699,73.029,522.46,2.0361,12.533,19.585,True,True,True,True
130,1081.5,9.0181,6.8347,57.517,522.46,1.9338,11.174,19.585,True,True,True,True
130,1261.2,8.766,6.596,48.193,522.46,1.8575,10.009,19.586,True,True,True,True
130,1470.7,8.5993,6.4272,44.333,522.46,1.8015,9.0104,19.586,True,True,True,True
130,1715.1,8.4903,6.3069,41.146,522.46,1.7606,8.1538,19.586,True,True,True,True
130,2000,8.4276,6.2248,39.29,522.46,1.732,7.4192,19.586,True,True,True,True
130,inf,8.3687,6.1083,39.29,522.46,1.6898,4.5893,19.586,True,True,True,True
135,50,585.09,557.46,35991,2949.5,25.845,218.62,177.06,False,False,False,False
135,58.307,431.58,410.52,26411,2540.3,22.151,186.82,151.96,False,False,False,False
135,67.995,318.93,302.62,19374,2189.5,18.987,159.55,130.43,False,False,False,False
135,79.292,236.24,223.37,14205,1888.6,16.276,136.16,111.97,False,False,False,False
135,92.466,175.68,165.21,10411,1630.6,13.955,116.11,96.146,False,False,False,False
135,107.83,131.27,122.57,7624.9,1409.3,11.971,98.911,82.573,False,False,False,False
135,125.74,98.655,91.3,5580.5,1219.6,10.275,84.164,70.934,False,False,False,False
135,146.63,74.746,68.372,4080.7,1056.9,8.8268,71.518,60.953,False,False,False,False
135,171,57.244,51.553,2980.8,917.34,7.591,60.674,52.394,True,False,False,False
135,199.41,44.399,39.248,2174.6,797.69,6.5407,51.374,45.054,True,False,False,False
135,232.54,34.936,30.245,1584,695.1,5.65,43.4,38.761,True,False,False,False
135,271.17,27.929,23.661,1151.6,607.12,4.8973,36.966,33.364,True,False,False,False
135,316.23,22.709,18.838,835.29,542.55,4.2625,32.141,28.735,True,False,False,False
135,368.77,18.93,15.403,604.08,542.55,3.7453,28.004,24.767,True,False,False,False
135,430.04,16.047,12.837,435.26,542.55,3.3067,24.457,21.363,True,False,True,False
135,501.48,13.924,10.97,312.16,542.55,2.9468,21.414,20.338,True,False,True,False
135,584.8,12.361,9.6012,222.51,542.55,2.652,18.806,20.339,True,False,True,False
135,681.97,11.228,8.6175,157.35,542.55,2.4179,16.569,20.339,True,False,True,False
135,795.27,10.407,7.9085,110.09,542.55,2.2334,14.65,20.339,True,True,True,True
135,927.4,9.8312,7.3977,78.766,542.55,2.0904,13.005,20.339,True,True,True,True
135,1081.5,9.4099,7.0312,62.037,542.55,1.9814,11.594,20.339,True,True,True,True
135,1261.2,9.1259,6.7694,50.087,542.55,1.8997,10.385,20.339,True,True,True,True
135,1470.7,8.9355,6.5836,45.994,542.55,1.8394,9.3473,20.339,True,True,True,True
135,1715.1,8.8078,6.4509,42.618,542.55,1.7951,8.4578,20.339,True,True,True,True
135,2000,8.7339,6.3596,42.37,542.55,1.7639,7.695,20.339,True,True,True,True
135,inf,8.6558,6.2176,42.37,542.56,1.7134,4.5961,20.339,True,True,True,True
140,50,629.51,599.8,38755,3058.8,26.815,226.88,183.7,False,False,False,False
140,58.307,464.34,441.68,28445,2634.4,22.984,193.9,157.66,False,False,False,False
140,67.995,343.12,325.57,20871,2270.6,19.702,165.62,135.34,False,False,False,False
140,79.292,254.11,240.28,15308,1958.5,16.89,141.36,116.2,False,False,False,False
140,92.466,188.93,177.68,11222,1690.9,14.483,120.57,99.787,False,False,False,False
140,107.83,141.13,131.77,8222.6,1461.5,12.425,102.73,85.711,False,False,False,False
140,125.74,106.01,98.093,6020.7,1264.7,10.665,87.439,73.641,False,False,False,False
140,146.63,80.246,73.399,4405,1096,9.1617,74.324,63.291,False,False,False,False
140,171,61.405,55.282,3219.8,951.31,7.8789,63.078,54.415,True,False,False,False
140,199.41,47.572,42.021,2350.7,827.24,6.7883,53.435,46.803,True,False,False,False
140,232.54,37.383,32.315,1713.8,720.84,5.8629,45.165,40.276,True,False,False,False
140,271.17,29.844,25.215,1247.3,629.6,5.0804,38.326,34.679,True,False,False,False
140,316.23,24.217,20.012,905.82,562.64,4.42,33.323,29.88,True,False,False,False
140,368.77,20.141,16.298,656.06,562.64,3.8805,29.033,25.764,True,False,False,False
140,430.04,17.036,13.528,473.57,562.64,3.4229,25.354,22.235,True,False,True,False
140,501.48,14.736,11.509,340.36,562.64,3.0468,22.199,21.092,True,False,True,False
140,584.8,13.041,10.029,243.26,562.65,2.7383,19.493,21.092,True,False,True,False
140,681.97,11.817,8.9646,172.59,562.65,2.4926,17.173,21.092,True,False,True,False
140,795.27,10.915,8.1955,121.25,562.65,2.2983,15.184,21.092,True,False,True,False
140,927.4,10.283,7.6405,84.72,562.65,2.1472,13.478,21.092,True,True,True,True
140,1081.5,9.8269,7.2415,66.727,562.65,2.0315,12.015,21.092,True,True,True,True
140,1261.2,9.5105,6.9558,53.002,562.65,1.9445,10.76,21.092,True,True,True,True
140,1470.7,9.2964,6.7525,47.742,562.65,1.88,9.6846,21.092,True,True,True,True
140,1715.1,9.1466,6.6068,45.567,562.65,1.8324,8.7621,21.092,True,True,True,True
140,2000,9.0601,6.506,45.567,562.65,1.7986,7.971,21.092,True,True,True,True
140,inf,8.9599,6.3375,45.567,562.65,1.7398,4.6088,21.092,True,True,True,True
145,50,675.54,643.67,41619,3168,27.785,235.13,190.33,False,False,False,False
145,58.307,498.3,473.98,30553,2728.5,23.817,200.97,163.37,False,False,False,False
145,67.995,368.19,349.36,22423,2351.6,20.417,171.68,140.25,False,False,False,False
145,79.292,272.64,257.8,16450,2028.5,17.505,146.56,120.43,False,False,False,False
145,92.466,202.67,190.6,12063,1751.3,15.011,125.02,103.43,False,False,False,False
145,107.83,151.36,141.31,8842,1513.7,12.878,106.55,88.847,False,False,False,False
145,125.74,113.63,105.14,6477,1309.9,11.054,90.708,76.346,False,False,False,False
145,146.63,85.961,78.614,4741.1,1135.1,9.4966,77.125,65.625,False,False,False,False
145,171,65.72,59.151,3467.4,985.29,8.1671,65.478,56.432,True,False,False,False
145,199.41,50.865,44.9,2533.3,856.78,7.0362,55.49,48.549,True,False,False,False
145,232.54,39.928,34.467,1848.4,746.59,6.0762,46.925,41.789,True,False,False,False
145,271.17,31.833,26.832,1346.5,652.09,5.2641,39.687,35.992,True,False,False,False
145,316.23,25.788,21.235,978.94,582.74,4.5783,34.505,31.021,True,False,False,False
145,368.77,21.401,17.232,709.97,582.74,4.0166,30.061,26.759,True,False,False,False
145,430.04,18.066,14.249,513.29,582.74,3.5403,26.251,23.103,True,False,True,False
145,501.48,15.587,12.073,369.62,582.74,3.1481,22.983,21.845,True,False,True,False
145,584.8,13.751,10.479,264.8,582.74,2.8261,20.181,21.845,True,False,True,False
145,681.97,12.432,9.3299,188.41,582.74,2.5691,17.778,21.845,True,False,True,False
145,795.27,11.454,8.4986,132.85,582.74,2.3652,15.718,21.845,True,False,True,False
145,927.4,10.766,7.8978,92.506,582.74,2.206,13.951,21.845,True,True,True,True
145,1081.5,10.264,7.4651,71.588,582.74,2.0839,12.436,21.845,True,True,True,True
145,1261.2,9.9208,7.1546,56.864,582.74,1.9916,11.136,21.845,True,True,True,True
145,1470.7,9.679,6.933,49.572,582.74,1.9229,10.022,21.845,True,True,True,True
145,1715.1,9.5096,6.774,48.88,582.74,1.872,9.0667,21.845,True,True,True,True
145,2000,9.4055,6.6633,48.88,582.74,1.8358,8.2474,21.845,True,True,True,True
145,inf,9.2808,6.4673,48.88,582.74,1.7687,4.6268,21.846,True,True,True,True
150,50,723.2,689.09,44584,3277.2,28.755,243.37,196.96,False,False,False,False
150,58.307,533.45,507.42,32735,2822.6,24.649,208.04,169.07,False,False,False,False
150,67.995,394.14,373.99,24029,2432.7,21.132,177.73,145.16,False,False,False,False
150,79.292,291.82,275.95,17633,2098.4,18.119,151.75,124.65,False,False,False,False
150,92.466,216.89,203.98,12934,1811.7,15.538,129.47,107.06,False,False,False,False
150,107.83,161.94,151.18,9483.2,1565.9,13.331,110.36,91.98,False,False,False,False
150,125.74,121.53,112.44,6949.3,1355.1,11.444,93.972,79.048,False,False,False,False
150,146.63,91.884,84.018,5089.1,1174.3,9.8317,79.921,67.958,False,False,False,False
150,171,70.194,63.161,3723.8,1019.3,8.4553,67.872,58.448,True,False,False,False
150,199.41,54.279,47.886,2722.2,886.33,7.2843,57.54,50.293,True,False,False,False
150,232.54,42.568,36.699,1987.6,772.33,6.2899,48.679,43.3,True,False,False,False
150,271.17,33.896,28.51,1449.2,674.57,5.4482,41.081,37.303,True,False,False,False
150,316.23,27.421,22.506,1054.6,602.83,4.7372,35.687,32.161,True,False,False,False
150,368.77,22.709,18.204,765.78,602.83,4.1535,31.09,27.751,True,False,False,False
150,430.04,19.135,15,554.44,602.83,3.6587,27.148,23.969,True,False,True,False
150,501.48,16.474,12.663,399.94,602.83,3.2507,23.768,22.598,True,False,True,False
150,584.8,14.499,10.949,287.11,602.83,2.9153,20.869,22.598,True,False,True,False
150,681.97,13.073,9.713,204.82,602.83,2.647,18.384,22.598,True,False,True,False
150,795.27,12.019,8.8171,144.88,602.84,2.4336,16.252,22.599,True,False,True,False
150,927.4,11.271,8.1689,101.3,602.84,2.2666,14.424,22.599,True,True,True,True
150,1081.5,10.726,7.7013,76.619,602.84,2.1381,12.857,22.599,True,True,True,True
150,1261.2,10.351,7.3653,60.861,602.84,2.0406,11.513,22.599,True,True,True,True
150,1470.7,10.084,7.1248,52.309,602.84,1.9678,10.36,22.599,True,True,True,True
150,1715.1,9.8936,6.9519,52.309,602.84,1.9138,9.3716,22.599,True,True,True,True
150,2000,9.7703,6.831,52.309,602.84,1.875,8.524,22.599,True,True,True,True
150,inf,9.6179,6.6066,52.309,602.84,1.7998,4.7565,22.599,True,True,True,True
